,002049,002180,002371,600171,600460,600584
2019-07-01 09:30:00,45.23,22.77,71.06,16.43,16.92,13.16
2019-07-01 09:45:00,45.41,22.79,72.28,16.35,17.0,13.29
2019-07-01 10:00:00,45.7,22.97,72.0,16.56,17.23,13.38
2019-07-01 10:15:00,45.69,22.96,71.48,16.45,17.09,13.4
2019-07-01 10:30:00,45.82,22.98,70.99,16.65,17.11,13.48
2019-07-01 10:45:00,45.84,22.99,71.6,16.73,17.17,13.61
2019-07-01 11:00:00,46.3,23.01,71.64,16.64,17.25,13.77
2019-07-01 11:15:00,46.07,22.99,71.05,16.55,17.23,13.66
2019-07-01 13:00:00,46.09,22.91,71.17,16.47,17.18,13.59
2019-07-01 13:15:00,45.97,22.83,71.1,16.54,17.14,13.56
2019-07-01 13:30:00,45.9,22.84,70.6,16.65,17.14,13.53
2019-07-01 13:45:00,46.0,22.85,70.59,17.28,17.29,13.55
2019-07-01 14:00:00,45.99,22.79,70.34,17.09,17.27,13.58
2019-07-01 14:15:00,45.81,22.81,70.1,17.09,17.24,13.54
2019-07-01 14:30:00,45.93,22.9,70.08,17.07,17.22,13.57
2019-07-02 09:30:00,45.79,22.76,69.2,16.81,17.4,13.57
2019-07-02 09:45:00,45.96,22.76,68.98,16.58,17.27,13.48
2019-07-02 10:00:00,45.7,22.84,68.59,16.67,17.18,13.39
2019-07-02 10:15:00,45.87,22.87,68.98,16.81,17.27,13.44
2019-07-02 10:30:00,45.85,22.88,69.44,16.69,17.2,13.4
2019-07-02 10:45:00,45.82,22.88,69.2,16.59,17.12,13.36
2019-07-02 11:00:00,45.7,22.88,68.9,16.56,17.07,13.33
2019-07-02 11:15:00,45.75,22.83,68.83,16.62,17.14,13.35
2019-07-02 13:00:00,45.26,22.69,68.65,16.46,17.05,13.28
2019-07-02 13:15:00,45.35,22.67,69.59,16.4,16.99,13.26
2019-07-02 13:30:00,45.34,22.7,69.6,16.48,17.07,13.28
2019-07-02 13:45:00,45.3,22.65,68.93,16.4,16.98,13.26
2019-07-02 14:00:00,45.45,22.73,69.04,16.56,17.07,13.3
2019-07-02 14:15:00,45.5,22.76,69.0,16.62,17.14,13.34
2019-07-02 14:30:00,45.52,22.72,68.87,16.55,17.1,13.33
2019-07-03 09:30:00,44.83,22.56,68.62,16.53,16.78,13.19
2019-07-03 09:45:00,44.5,22.34,67.54,16.62,16.69,13.0
2019-07-03 10:00:00,44.65,22.28,67.97,16.6,16.81,12.98
2019-07-03 10:15:00,44.45,22.2,67.5,16.4,16.76,12.93
2019-07-03 10:30:00,44.35,22.15,67.57,16.48,16.7,12.86
2019-07-03 10:45:00,44.3,22.16,67.38,16.45,16.71,12.87
2019-07-03 11:00:00,44.53,22.24,67.68,16.35,16.7,12.85
2019-07-03 11:15:00,44.49,22.17,67.98,16.34,16.71,12.83
2019-07-03 13:00:00,44.67,22.12,67.87,16.41,16.71,12.83
2019-07-03 13:15:00,44.53,22.08,67.73,16.31,16.66,12.8
2019-07-03 13:30:00,44.45,21.95,67.3,16.2,16.58,12.71
2019-07-03 13:45:00,44.42,22.0,67.35,16.2,16.63,12.72
2019-07-03 14:00:00,44.37,22.07,67.46,16.18,16.62,12.73
2019-07-03 14:15:00,44.28,22.0,67.21,16.25,16.6,12.7
2019-07-03 14:30:00,44.4,22.0,67.26,16.35,16.61,12.75
2019-07-04 09:30:00,44.59,22.15,67.9,16.34,16.76,12.78
2019-07-04 09:45:00,44.22,22.13,67.41,16.28,16.67,12.75
2019-07-04 10:00:00,44.31,22.06,67.17,16.23,16.63,12.67
2019-07-04 10:15:00,44.3,22.03,67.6,16.28,16.61,12.69
2019-07-04 10:30:00,44.14,21.93,67.05,16.1,16.44,12.57
2019-07-04 10:45:00,44.04,21.92,67.22,16.1,16.43,12.52
2019-07-04 11:00:00,44.15,21.82,67.24,16.11,16.42,12.51
2019-07-04 11:15:00,44.07,21.82,67.0,16.04,16.3,12.45
2019-07-04 13:00:00,43.96,21.88,66.9,16.22,16.31,12.51
2019-07-04 13:15:00,44.04,21.92,67.08,16.21,16.36,12.5
2019-07-04 13:30:00,44.1,21.88,67.0,16.31,16.41,12.47
2019-07-04 13:45:00,44.14,21.9,66.95,16.28,16.41,12.47
2019-07-04 14:00:00,44.01,21.93,66.78,16.24,16.33,12.43
2019-07-04 14:15:00,43.94,21.87,66.78,16.17,16.31,12.34
2019-07-04 14:30:00,43.96,21.89,67.02,16.28,16.33,12.4
2019-07-05 09:30:00,44.35,21.84,67.71,16.43,16.41,12.56
2019-07-05 09:45:00,44.28,21.86,68.0,16.46,16.46,12.58
2019-07-05 10:00:00,44.2,21.84,67.7,16.38,16.44,12.52
2019-07-05 10:15:00,44.3,21.85,67.6,16.41,16.49,12.59
2019-07-05 10:30:00,44.44,21.84,67.33,16.4,16.49,12.54
2019-07-05 10:45:00,44.27,21.82,67.12,16.32,16.43,12.46
2019-07-05 11:00:00,44.2,21.82,67.1,16.3,16.38,12.43
2019-07-05 11:15:00,44.31,21.82,67.1,16.34,16.43,12.42
2019-07-05 13:00:00,44.45,21.85,67.3,16.42,16.45,12.45
2019-07-05 13:15:00,44.44,21.85,67.25,16.42,16.44,12.46
2019-07-05 13:30:00,44.48,21.9,67.47,16.48,16.43,12.45
2019-07-05 13:45:00,44.5,21.9,68.0,16.49,16.44,12.44
2019-07-05 14:00:00,44.49,21.92,67.8,16.39,16.42,12.43
2019-07-05 14:15:00,44.67,22.09,67.98,16.49,16.44,12.47
2019-07-05 14:30:00,44.48,22.13,67.85,16.49,16.29,12.43
2019-07-08 09:30:00,44.8,22.25,67.9,15.8,15.99,12.2
2019-07-08 09:45:00,44.33,22.18,68.0,15.52,15.78,12.08
2019-07-08 10:00:00,44.39,22.1,68.15,15.66,15.84,12.11
2019-07-08 10:15:00,43.72,21.91,67.6,15.53,15.7,11.89
2019-07-08 10:30:00,43.25,21.9,66.7,15.45,15.71,11.91
2019-07-08 10:45:00,42.74,21.69,67.0,15.39,15.44,11.86
2019-07-08 11:00:00,42.99,21.89,67.41,15.54,15.48,11.89
2019-07-08 11:15:00,42.86,21.89,67.32,15.47,15.45,11.85
2019-07-08 13:00:00,42.59,21.9,67.1,15.41,15.41,11.75
2019-07-08 13:15:00,42.7,21.8,66.97,15.4,15.41,11.8
2019-07-08 13:30:00,42.46,21.84,66.7,15.33,15.36,11.74
2019-07-08 13:45:00,42.4,21.85,66.95,15.34,15.23,11.74
2019-07-08 14:00:00,42.4,21.83,66.91,15.42,15.32,11.78
2019-07-08 14:15:00,42.46,21.87,67.09,15.42,15.34,11.77
2019-07-08 14:30:00,42.48,21.88,67.58,15.45,15.33,11.78
2019-07-09 09:30:00,42.26,21.52,66.92,15.34,15.33,11.8
2019-07-09 09:45:00,42.37,21.48,66.6,15.41,15.32,11.84
2019-07-09 10:00:00,42.14,21.5,66.17,15.1,15.34,11.77
2019-07-09 10:15:00,42.25,21.5,66.1,15.12,15.29,11.68
2019-07-09 10:30:00,42.18,21.46,66.17,15.14,15.29,11.71
2019-07-09 10:45:00,42.12,21.22,66.1,15.14,15.21,11.69
2019-07-09 11:00:00,41.86,21.17,66.2,15.13,15.16,11.67
2019-07-09 11:15:00,41.8,21.2,66.37,15.24,15.2,11.69
2019-07-09 13:00:00,41.91,21.14,66.64,15.29,15.22,11.73
2019-07-09 13:15:00,41.92,20.91,66.76,15.24,15.21,11.71
2019-07-09 13:30:00,42.07,20.72,66.85,15.17,15.23,11.75
2019-07-09 13:45:00,42.29,20.89,66.99,15.33,15.32,11.86
2019-07-09 14:00:00,42.29,20.93,66.89,15.33,15.32,11.84
2019-07-09 14:15:00,42.4,21.09,67.04,15.39,15.39,11.86
2019-07-09 14:30:00,42.27,21.03,67.04,15.38,15.33,11.85
2019-07-10 09:30:00,42.59,21.03,68.23,15.39,15.45,11.87
2019-07-10 09:45:00,42.75,21.16,69.53,15.36,15.48,11.95
2019-07-10 10:00:00,42.75,21.11,69.77,15.4,15.46,11.91
2019-07-10 10:15:00,42.7,21.19,69.49,15.37,15.44,11.92
2019-07-10 10:30:00,42.66,21.4,69.2,15.39,15.48,11.91
2019-07-10 10:45:00,42.74,21.41,68.93,15.3,15.47,11.88
2019-07-10 11:00:00,42.58,21.36,68.78,15.22,15.43,11.87
2019-07-10 11:15:00,42.61,21.39,68.95,15.23,15.41,11.88
2019-07-10 13:00:00,42.6,21.3,69.28,15.23,15.42,11.87
2019-07-10 13:15:00,42.6,21.23,69.28,15.27,15.41,11.85
2019-07-10 13:30:00,42.5,21.15,68.87,15.19,15.36,11.84
2019-07-10 13:45:00,42.44,21.17,68.86,15.17,15.3,11.82
2019-07-10 14:00:00,42.4,21.18,69.04,15.15,15.32,11.8
2019-07-10 14:15:00,42.22,21.18,68.67,15.07,15.23,11.77
2019-07-10 14:30:00,42.01,21.12,68.31,14.98,15.15,11.71
2019-07-11 09:30:00,42.5,21.15,67.85,15.13,15.3,11.83
2019-07-11 09:45:00,42.75,21.26,68.48,15.32,15.39,11.9
2019-07-11 10:00:00,42.62,21.25,68.39,15.23,15.31,11.84
2019-07-11 10:15:00,42.38,21.19,67.8,15.16,15.27,11.81
2019-07-11 10:30:00,42.43,21.21,67.91,15.12,15.29,11.8
2019-07-11 10:45:00,42.48,21.22,67.88,15.14,15.27,11.8
2019-07-11 11:00:00,42.35,21.23,67.6,15.03,15.22,11.77
2019-07-11 11:15:00,42.26,21.2,67.17,15.02,15.18,11.75
2019-07-11 13:00:00,42.21,21.16,67.43,15.0,15.0,11.73
2019-07-11 13:15:00,42.1,21.2,67.06,14.85,14.97,11.69
2019-07-11 13:30:00,41.93,21.16,66.94,14.76,14.54,11.66
2019-07-11 13:45:00,41.67,21.14,66.38,14.72,14.65,11.54
2019-07-11 14:00:00,41.86,20.83,66.79,14.85,14.8,11.64
2019-07-11 14:15:00,41.99,20.98,66.76,14.88,14.86,11.7
2019-07-11 14:30:00,41.78,21.01,66.39,14.83,14.76,11.7
2019-07-12 09:30:00,41.78,20.95,65.65,14.74,14.76,11.68
2019-07-12 09:45:00,42.32,21.01,66.29,14.93,14.94,11.9
2019-07-12 10:00:00,42.14,21.08,66.1,14.93,14.95,11.89
2019-07-12 10:15:00,42.04,21.03,66.46,14.91,14.9,11.88
2019-07-12 10:30:00,42.1,21.05,66.03,14.88,14.89,11.88
2019-07-12 10:45:00,42.2,21.1,66.45,14.97,14.94,11.9
2019-07-12 11:00:00,42.2,21.11,66.29,14.97,14.94,11.9
2019-07-12 11:15:00,42.15,21.15,66.63,15.04,14.99,11.91
2019-07-12 13:00:00,42.18,21.13,66.5,15.0,14.96,11.9
2019-07-12 13:15:00,42.19,21.16,66.23,15.13,14.98,11.96
2019-07-12 13:30:00,42.18,21.12,66.35,15.06,14.95,11.99
2019-07-12 13:45:00,42.24,21.07,66.3,15.09,14.97,11.97
2019-07-12 14:00:00,42.14,21.0,65.97,15.02,14.88,11.93
2019-07-12 14:15:00,42.2,21.08,66.12,15.02,14.87,11.9
2019-07-12 14:30:00,42.13,21.21,65.77,14.97,14.85,11.9
2019-07-15 09:30:00,41.6,20.99,65.15,14.99,14.95,11.74
2019-07-15 09:45:00,42.07,21.3,65.09,15.03,14.92,11.93
2019-07-15 10:00:00,42.49,21.39,66.78,15.18,14.94,11.94
2019-07-15 10:15:00,42.72,21.69,67.67,15.37,15.18,12.05
2019-07-15 10:30:00,42.8,21.69,67.68,15.47,15.16,12.0
2019-07-15 10:45:00,42.94,21.72,67.8,15.4,15.28,12.05
2019-07-15 11:00:00,43.55,21.76,68.49,15.48,15.34,12.23
2019-07-15 11:15:00,43.69,21.85,69.2,15.58,15.51,12.24
2019-07-15 13:00:00,43.48,21.94,68.8,15.47,15.4,12.14
2019-07-15 13:15:00,43.38,21.9,69.02,15.52,15.38,12.14
2019-07-15 13:30:00,43.31,21.92,69.56,15.51,15.31,12.13
2019-07-15 13:45:00,43.27,21.96,69.36,15.51,15.36,12.16
2019-07-15 14:00:00,43.31,21.9,69.13,15.46,15.33,12.13
2019-07-15 14:15:00,43.3,21.97,69.04,15.42,15.29,12.12
2019-07-15 14:30:00,43.47,21.96,68.9,15.46,15.32,12.14
2019-07-16 09:30:00,43.55,21.98,69.58,15.43,15.38,12.18
2019-07-16 09:45:00,43.55,21.86,69.37,15.49,15.37,12.17
2019-07-16 10:00:00,43.75,21.99,69.8,15.48,15.44,12.27
2019-07-16 10:15:00,44.06,21.91,69.82,15.5,15.4,12.19
2019-07-16 10:30:00,44.01,21.96,69.68,15.52,15.38,12.22
2019-07-16 10:45:00,44.0,21.99,69.61,15.45,15.36,12.22
2019-07-16 11:00:00,43.98,21.95,69.85,15.46,15.35,12.24
2019-07-16 11:15:00,43.81,21.94,69.8,15.43,15.36,12.26
2019-07-16 13:00:00,43.56,21.88,69.47,15.34,15.26,12.15
2019-07-16 13:15:00,43.6,21.96,69.43,15.36,15.26,12.14
2019-07-16 13:30:00,43.58,22.03,69.38,15.39,15.29,12.17
2019-07-16 13:45:00,43.66,22.26,69.48,15.41,15.3,12.18
2019-07-16 14:00:00,43.61,22.2,69.25,15.44,15.3,12.18
2019-07-16 14:15:00,43.61,22.16,69.22,15.4,15.27,12.15
2019-07-16 14:30:00,43.6,22.12,69.21,15.38,15.29,12.14
2019-07-17 09:30:00,44.77,22.73,71.0,15.75,15.57,12.44
2019-07-17 09:45:00,44.87,23.01,70.59,15.81,15.62,12.54
2019-07-17 10:00:00,45.47,22.92,70.49,15.97,15.68,12.62
2019-07-17 10:15:00,45.29,22.8,70.21,15.93,15.61,12.64
2019-07-17 10:30:00,45.34,22.83,70.28,15.93,15.66,12.65
2019-07-17 10:45:00,45.5,22.88,71.07,15.98,15.72,12.66
2019-07-17 11:00:00,45.57,23.07,70.83,15.97,15.68,12.63
2019-07-17 11:15:00,45.69,23.1,71.0,15.99,15.69,12.73
2019-07-17 13:00:00,45.7,23.15,70.96,16.05,15.68,12.66
2019-07-17 13:15:00,45.68,23.08,70.41,15.98,15.65,12.65
2019-07-17 13:30:00,45.47,23.16,70.23,15.82,15.53,12.58
2019-07-17 13:45:00,45.31,23.15,70.39,15.83,15.57,12.58
2019-07-17 14:00:00,45.33,23.14,70.11,15.8,15.5,12.54
2019-07-17 14:15:00,45.2,23.22,70.28,15.76,15.44,12.53
2019-07-17 14:30:00,45.2,23.19,69.97,15.85,15.44,12.54
2019-07-18 09:30:00,44.26,22.94,66.88,15.13,15.04,12.28
2019-07-18 09:45:00,44.57,22.95,67.41,15.2,15.12,12.35
2019-07-18 10:00:00,44.83,23.3,67.41,15.38,15.2,12.44
2019-07-18 10:15:00,44.82,22.95,67.05,15.4,15.12,12.37
2019-07-18 10:30:00,44.75,23.0,67.34,15.4,15.17,12.41
2019-07-18 10:45:00,44.53,22.98,67.19,15.39,15.14,12.36
2019-07-18 11:00:00,44.49,22.84,66.88,15.32,15.09,12.38
2019-07-18 11:15:00,44.53,22.81,66.68,15.27,15.07,12.34
2019-07-18 13:00:00,44.55,22.84,66.33,15.24,15.04,12.28
2019-07-18 13:15:00,44.64,22.85,66.2,15.26,15.05,12.31
2019-07-18 13:30:00,44.55,22.82,65.98,15.28,15.03,12.31
2019-07-18 13:45:00,44.55,22.82,65.95,15.34,15.05,12.33
2019-07-18 14:00:00,44.57,22.82,66.01,15.36,15.08,12.37
2019-07-18 14:15:00,44.58,22.86,65.78,15.33,15.08,12.33
2019-07-18 14:30:00,44.35,22.76,65.85,15.29,15.03,12.29
2019-07-19 09:30:00,44.58,22.95,65.8,15.42,15.12,12.37
2019-07-19 09:45:00,44.62,22.87,65.63,15.38,15.13,12.38
2019-07-19 10:00:00,44.76,23.02,66.24,15.55,15.17,12.39
2019-07-19 10:15:00,44.68,23.17,66.27,15.52,15.14,12.36
2019-07-19 10:30:00,44.69,23.19,66.35,15.76,15.21,12.37
2019-07-19 10:45:00,44.69,23.2,66.5,15.69,15.17,12.36
2019-07-19 11:00:00,44.74,23.21,66.48,15.68,15.18,12.36
2019-07-19 11:15:00,44.81,23.03,66.38,15.63,15.18,12.35
2019-07-19 13:00:00,44.83,23.14,66.4,15.61,15.15,12.31
2019-07-19 13:15:00,44.68,23.1,66.36,15.57,15.09,12.27
2019-07-19 13:30:00,44.67,23.11,66.47,15.53,15.09,12.27
2019-07-19 13:45:00,44.7,23.09,66.75,15.49,15.05,12.24
2019-07-19 14:00:00,44.67,23.06,66.98,15.52,15.07,12.26
2019-07-19 14:15:00,44.53,23.07,66.87,15.52,15.07,12.24
2019-07-19 14:30:00,44.64,23.0,66.97,15.62,15.07,12.25
2019-07-22 09:30:00,43.22,22.63,65.88,14.69,14.38,11.76
2019-07-22 09:45:00,44.1,23.09,66.31,15.25,14.73,12.09
2019-07-22 10:00:00,44.15,23.14,66.16,15.2,14.74,12.15
2019-07-22 10:15:00,43.72,23.01,65.1,14.98,14.64,12.15
2019-07-22 10:30:00,43.86,23.09,65.63,15.1,14.65,12.17
2019-07-22 10:45:00,43.68,23.19,65.38,15.09,14.52,12.1
2019-07-22 11:00:00,43.9,23.15,65.93,15.15,14.53,12.28
2019-07-22 11:15:00,44.08,23.18,65.6,15.28,14.72,12.39
2019-07-22 13:00:00,43.88,23.09,65.22,15.29,14.65,12.31
2019-07-22 13:15:00,43.9,23.16,64.9,15.21,14.64,12.34
2019-07-22 13:30:00,43.83,23.12,64.99,15.23,14.63,12.35
2019-07-22 13:45:00,43.66,23.13,64.9,15.06,14.59,12.33
2019-07-22 14:00:00,43.67,23.3,63.79,15.07,14.55,12.29
2019-07-22 14:15:00,43.37,23.15,63.7,14.99,14.4,12.2
2019-07-22 14:30:00,43.21,23.11,63.66,14.99,14.44,12.13
2019-07-23 09:30:00,43.51,22.95,64.31,15.41,14.66,12.3
2019-07-23 09:45:00,44.23,22.92,65.4,15.55,14.78,12.42
2019-07-23 10:00:00,44.05,22.95,65.16,15.47,14.74,12.36
2019-07-23 10:15:00,44.25,22.9,64.86,15.44,14.79,12.35
2019-07-23 10:30:00,44.02,22.8,64.94,15.39,14.8,12.36
2019-07-23 10:45:00,44.12,22.8,64.78,15.33,14.76,12.39
2019-07-23 11:00:00,43.9,22.85,64.78,15.4,14.72,12.37
2019-07-23 11:15:00,43.85,22.89,64.73,15.36,14.72,12.52
2019-07-23 13:00:00,43.74,22.81,64.41,15.26,14.65,12.45
2019-07-23 13:15:00,43.94,22.85,64.25,15.31,14.66,12.51
2019-07-23 13:30:00,44.03,22.8,64.48,15.34,14.69,12.47
2019-07-23 13:45:00,44.16,22.83,64.99,15.42,14.73,12.52
2019-07-23 14:00:00,44.23,22.83,64.89,15.35,14.76,12.55
2019-07-23 14:15:00,44.31,22.85,64.99,15.41,14.77,12.64
2019-07-23 14:30:00,44.18,22.77,64.7,15.36,14.74,12.6
2019-07-24 09:30:00,44.87,23.25,65.19,15.62,14.98,13.01
2019-07-24 09:45:00,45.0,23.31,65.5,15.92,15.1,13.1
2019-07-24 10:00:00,44.99,23.38,65.65,15.88,15.09,13.12
2019-07-24 10:15:00,45.08,23.41,65.68,16.04,15.14,13.18
2019-07-24 10:30:00,45.29,23.57,65.83,15.99,15.23,13.15
2019-07-24 10:45:00,45.25,23.63,65.8,15.98,15.18,13.18
2019-07-24 11:00:00,45.23,23.76,65.88,15.98,15.17,13.14
2019-07-24 11:15:00,45.25,23.64,65.78,15.95,15.16,13.09
2019-07-24 13:00:00,45.11,23.61,65.7,15.93,15.17,13.08
2019-07-24 13:15:00,45.16,23.64,65.48,15.9,15.17,13.02
2019-07-24 13:30:00,45.12,23.53,65.61,15.9,15.15,12.99
2019-07-24 13:45:00,45.1,23.38,65.56,15.85,15.11,13.09
2019-07-24 14:00:00,44.88,23.31,65.35,15.75,15.05,13.06
2019-07-24 14:15:00,44.81,23.32,65.03,15.82,15.06,13.02
2019-07-24 14:30:00,44.77,23.31,64.8,15.76,15.01,12.99
2019-07-25 09:30:00,47.33,23.84,65.6,16.04,15.26,13.15
2019-07-25 09:45:00,46.99,23.56,64.91,15.95,15.12,13.14
2019-07-25 10:00:00,47.2,23.76,65.5,16.02,15.15,13.21
2019-07-25 10:15:00,47.15,23.79,65.21,16.06,15.17,13.33
2019-07-25 10:30:00,48.71,23.85,66.02,16.21,15.4,13.57
2019-07-25 10:45:00,48.48,23.88,66.03,16.15,15.33,13.48
2019-07-25 11:00:00,48.6,24.01,66.08,16.3,15.41,13.51
2019-07-25 11:15:00,48.41,24.01,65.75,16.31,15.38,13.44
2019-07-25 13:00:00,48.97,24.27,65.81,16.21,15.36,13.44
2019-07-25 13:15:00,48.62,24.16,65.57,16.12,15.28,13.34
2019-07-25 13:30:00,48.5,24.13,65.61,16.14,15.3,13.37
2019-07-25 13:45:00,48.38,24.23,65.66,16.15,15.27,13.37
2019-07-25 14:00:00,48.4,24.3,65.39,16.13,15.23,13.33
2019-07-25 14:15:00,48.0,24.23,65.59,16.1,15.2,13.28
2019-07-25 14:30:00,47.89,24.26,65.27,16.07,15.15,13.26
2019-07-26 09:30:00,48.11,24.12,65.8,15.98,15.18,13.38
2019-07-26 09:45:00,47.96,24.0,65.11,16.01,15.14,13.32
2019-07-26 10:00:00,48.0,24.34,65.11,16.06,15.06,13.29
2019-07-26 10:15:00,47.81,24.46,64.63,15.94,15.01,13.22
2019-07-26 10:30:00,47.5,24.3,64.13,15.88,14.97,13.17
2019-07-26 10:45:00,47.92,24.45,64.2,15.9,14.99,13.18
2019-07-26 11:00:00,47.9,24.48,64.0,15.86,14.98,13.1
2019-07-26 11:15:00,47.8,24.57,63.98,15.88,14.9,13.14
2019-07-26 13:00:00,47.81,24.64,64.25,15.91,14.97,13.18
2019-07-26 13:15:00,47.87,24.52,64.31,15.9,14.99,13.22
2019-07-26 13:30:00,48.0,24.47,64.39,16.01,15.0,13.28
2019-07-26 13:45:00,47.89,24.55,64.4,16.0,15.0,13.27
2019-07-26 14:00:00,47.82,24.61,64.34,15.99,14.99,13.3
2019-07-26 14:15:00,47.85,24.75,64.49,16.0,15.0,13.28
2019-07-26 14:30:00,47.81,24.81,64.44,16.01,15.03,13.26
2019-07-29 09:30:00,48.33,25.06,65.07,16.21,15.27,14.05
2019-07-29 09:45:00,48.18,24.93,65.4,16.18,15.35,14.01
2019-07-29 10:00:00,47.87,24.75,65.28,16.08,15.24,13.9
2019-07-29 10:15:00,47.98,24.61,64.93,15.98,15.16,13.8
2019-07-29 10:30:00,47.96,24.75,65.15,16.01,15.17,13.8
2019-07-29 10:45:00,47.94,24.55,65.07,16.02,15.14,13.82
2019-07-29 11:00:00,48.14,24.64,65.22,16.03,15.17,13.84
2019-07-29 11:15:00,48.05,24.54,65.42,16.03,15.11,13.84
2019-07-29 13:00:00,47.87,24.57,65.59,15.92,15.08,13.87
2019-07-29 13:15:00,47.89,24.45,65.41,15.95,15.05,13.79
2019-07-29 13:30:00,47.9,24.48,65.35,15.94,15.06,13.73
2019-07-29 13:45:00,47.95,24.48,65.28,15.99,15.12,13.71
2019-07-29 14:00:00,48.06,24.48,65.36,16.04,15.12,13.81
2019-07-29 14:15:00,48.1,24.63,65.55,16.03,15.14,13.87
2019-07-29 14:30:00,48.08,24.62,65.41,16.02,15.13,13.78
2019-07-30 09:30:00,48.1,24.66,65.2,15.86,15.13,13.89
2019-07-30 09:45:00,48.01,24.6,64.9,15.88,15.11,13.91
2019-07-30 10:00:00,48.1,24.43,65.12,16.02,15.17,13.86
2019-07-30 10:15:00,48.3,24.6,65.24,16.1,15.24,13.86
2019-07-30 10:30:00,48.08,24.55,65.32,16.05,15.2,13.96
2019-07-30 10:45:00,47.99,24.69,65.15,16.02,15.2,13.95
2019-07-30 11:00:00,47.89,24.46,65.06,16.0,15.16,13.93
2019-07-30 11:15:00,47.89,24.37,65.07,15.98,15.13,13.87
2019-07-30 13:00:00,47.85,24.3,64.78,15.98,15.11,13.83
2019-07-30 13:15:00,47.56,24.48,64.6,15.9,15.09,13.75
2019-07-30 13:30:00,47.4,24.38,64.42,15.89,15.09,13.8
2019-07-30 13:45:00,47.23,24.37,64.4,15.88,15.09,13.76
2019-07-30 14:00:00,47.25,24.26,64.5,15.9,15.09,13.78
2019-07-30 14:15:00,47.1,24.25,64.4,15.87,15.06,13.72
2019-07-30 14:30:00,46.71,24.26,64.42,15.87,15.06,13.67
2019-07-31 09:30:00,47.84,24.33,64.5,15.95,15.11,14.23
2019-07-31 09:45:00,48.44,24.33,64.56,15.92,15.1,14.09
2019-07-31 10:00:00,49.4,24.31,64.87,15.98,15.21,14.12
2019-07-31 10:15:00,48.7,24.27,64.78,15.95,15.14,14.06
2019-07-31 10:30:00,49.05,24.33,64.96,15.98,15.17,14.07
2019-07-31 10:45:00,48.91,24.37,64.96,15.91,15.1,14.12
2019-07-31 11:00:00,48.77,24.34,64.89,15.91,15.08,14.08
2019-07-31 11:15:00,48.78,24.31,65.05,15.92,15.1,14.1
2019-07-31 13:00:00,48.55,24.26,64.82,15.89,15.06,14.04
2019-07-31 13:15:00,48.45,24.19,65.01,15.85,15.05,14.07
2019-07-31 13:30:00,48.43,24.24,64.89,15.88,15.05,14.11
2019-07-31 13:45:00,48.72,24.36,64.9,15.9,15.08,14.17
2019-07-31 14:00:00,48.62,24.25,64.69,15.85,15.05,14.11
2019-07-31 14:15:00,48.62,24.22,64.64,15.83,15.06,14.12
2019-07-31 14:30:00,48.64,24.24,64.55,15.85,15.05,14.12
2019-08-01 09:30:00,48.25,24.15,63.35,15.56,14.83,14.07
2019-08-01 09:45:00,48.84,24.12,62.35,15.52,14.87,14.14
2019-08-01 10:00:00,48.46,24.31,61.8,15.43,14.83,14.04
2019-08-01 10:15:00,48.75,24.24,61.68,15.34,14.67,14.08
2019-08-01 10:30:00,48.12,24.28,61.65,15.31,14.61,13.94
2019-08-01 10:45:00,48.18,24.22,61.7,15.31,14.62,14.0
2019-08-01 11:00:00,48.33,24.22,61.67,15.37,14.68,14.04
2019-08-01 11:15:00,48.43,24.2,61.74,15.37,14.68,13.98
2019-08-01 13:00:00,48.22,24.2,61.73,15.36,14.64,13.99
2019-08-01 13:15:00,48.13,24.25,61.65,15.33,14.69,14.0
2019-08-01 13:30:00,48.13,24.25,60.77,15.35,14.64,13.99
2019-08-01 13:45:00,47.89,24.09,60.77,15.25,14.61,13.91
2019-08-01 14:00:00,48.16,24.14,61.08,15.31,14.64,14.01
2019-08-01 14:15:00,48.31,24.15,60.78,15.37,14.7,14.03
2019-08-01 14:30:00,48.25,24.17,60.47,15.32,14.65,14.03
2019-08-02 09:30:00,48.1,23.94,59.89,15.15,14.39,13.93
2019-08-02 09:45:00,48.32,23.98,60.37,15.38,14.49,13.93
2019-08-02 10:00:00,48.38,24.03,60.74,15.39,14.54,13.89
2019-08-02 10:15:00,49.22,24.0,60.91,15.34,14.49,13.82
2019-08-02 10:30:00,49.39,24.01,61.5,15.38,14.56,13.8
2019-08-02 10:45:00,49.0,23.92,61.4,15.4,14.48,13.77
2019-08-02 11:00:00,48.8,23.65,60.9,15.22,14.42,13.69
2019-08-02 11:15:00,48.52,23.64,60.82,15.22,14.41,13.63
2019-08-02 13:00:00,48.5,23.77,60.8,15.22,14.44,13.79
2019-08-02 13:15:00,48.22,23.67,60.32,15.07,14.37,13.72
2019-08-02 13:30:00,48.52,23.78,60.49,15.29,14.37,13.74
2019-08-02 13:45:00,49.2,23.8,60.78,15.29,14.44,13.82
2019-08-02 14:00:00,49.12,23.87,60.68,15.26,14.43,13.76
2019-08-02 14:15:00,49.41,23.88,60.93,15.33,14.48,13.88
2019-08-02 14:30:00,49.45,23.82,60.8,15.32,14.48,13.84
2019-08-05 09:30:00,49.08,23.76,60.25,15.34,14.55,13.85
2019-08-05 09:45:00,49.86,24.06,60.72,15.37,14.69,13.98
2019-08-05 10:00:00,49.59,24.31,60.8,15.47,14.71,14.02
2019-08-05 10:15:00,49.02,24.34,60.73,15.45,14.72,14.02
2019-08-05 10:30:00,49.4,24.14,60.45,15.39,14.62,13.87
2019-08-05 10:45:00,49.15,23.97,60.4,15.39,14.61,13.89
2019-08-05 11:00:00,48.81,23.95,60.13,15.31,14.55,13.8
2019-08-05 11:15:00,48.76,23.79,60.11,15.29,14.51,13.79
2019-08-05 13:00:00,48.8,23.71,60.02,15.32,14.5,13.74
2019-08-05 13:15:00,48.41,23.59,60.03,15.3,14.51,13.7
2019-08-05 13:30:00,48.23,23.52,59.98,15.3,14.51,13.78
2019-08-05 13:45:00,48.13,23.5,59.77,15.29,14.46,13.77
2019-08-05 14:00:00,47.95,23.46,59.89,15.18,14.41,13.74
2019-08-05 14:15:00,48.37,23.4,59.88,15.2,14.39,13.75
2019-08-05 14:30:00,48.0,23.38,59.79,15.17,14.36,13.63
2019-08-06 09:30:00,46.91,22.75,58.63,14.62,13.88,13.33
2019-08-06 09:45:00,46.71,22.35,58.4,14.65,13.89,13.3
2019-08-06 10:00:00,46.1,22.0,57.41,14.37,13.54,12.99
2019-08-06 10:15:00,46.0,21.58,56.69,14.18,13.25,12.91
2019-08-06 10:30:00,46.2,21.74,57.13,14.25,13.38,13.05
2019-08-06 10:45:00,45.8,21.61,57.17,14.23,13.38,13.08
2019-08-06 11:00:00,45.76,21.72,57.54,14.34,13.41,13.03
2019-08-06 11:15:00,46.54,21.94,58.0,14.4,13.59,13.2
2019-08-06 13:00:00,46.78,22.12,58.56,14.58,13.74,13.5
2019-08-06 13:15:00,46.92,22.16,58.87,14.56,13.75,13.4
2019-08-06 13:30:00,46.9,22.27,59.09,14.56,13.82,13.38
2019-08-06 13:45:00,46.85,22.31,58.87,14.59,13.79,13.4
2019-08-06 14:00:00,46.85,22.07,59.08,14.55,13.76,13.41
2019-08-06 14:15:00,46.6,21.95,58.81,14.42,13.72,13.29
2019-08-06 14:30:00,46.58,21.95,58.96,14.47,13.71,13.29
2019-08-07 09:30:00,46.67,22.17,58.51,,13.88,13.35
2019-08-07 09:45:00,46.77,22.18,58.7,,13.91,13.35
2019-08-07 10:00:00,46.66,21.97,57.71,,13.83,13.15
2019-08-07 10:15:00,46.31,21.99,57.6,,13.8,13.24
2019-08-07 10:30:00,46.04,22.04,57.25,,13.73,13.14
2019-08-07 10:45:00,45.79,22.0,56.95,,13.67,13.09
2019-08-07 11:00:00,45.73,22.05,57.06,,13.69,13.09
2019-08-07 11:15:00,46.01,22.1,57.2,,13.74,13.12
2019-08-07 13:00:00,45.75,22.0,56.52,,13.65,13.1
2019-08-07 13:15:00,45.97,22.1,56.52,,13.74,13.23
2019-08-07 13:30:00,45.88,22.09,56.12,,13.72,13.16
2019-08-07 13:45:00,45.76,21.97,55.9,,13.66,13.06
2019-08-07 14:00:00,45.42,21.9,56.22,,13.59,13.02
2019-08-07 14:15:00,45.45,21.81,56.1,,13.58,12.95
2019-08-07 14:30:00,45.31,21.8,56.07,,13.51,12.89
2019-08-08 09:30:00,45.0,21.47,57.17,14.06,13.6,13.48
2019-08-08 09:45:00,45.4,21.56,56.94,14.09,13.69,13.47
2019-08-08 10:00:00,45.5,21.46,56.76,14.05,13.66,13.65
2019-08-08 10:15:00,45.58,21.51,56.45,14.08,13.71,13.69
2019-08-08 10:30:00,45.5,21.45,56.47,14.0,13.68,13.61
2019-08-08 10:45:00,45.6,21.01,56.51,14.04,13.66,13.77
2019-08-08 11:00:00,45.72,21.1,56.53,14.03,13.67,13.71
2019-08-08 11:15:00,45.99,21.15,56.9,14.09,13.72,13.76
2019-08-08 13:00:00,45.85,21.2,57.3,14.15,13.78,13.75
2019-08-08 13:15:00,46.43,21.1,58.21,14.26,13.87,14.08
2019-08-08 13:30:00,46.21,20.99,57.5,14.18,13.79,14.08
2019-08-08 13:45:00,46.13,21.02,57.7,14.19,13.77,14.08
2019-08-08 14:00:00,46.42,21.07,57.85,14.19,13.8,14.08
2019-08-08 14:15:00,46.54,21.07,57.92,14.23,13.82,14.08
2019-08-08 14:30:00,46.5,21.1,58.0,14.16,13.81,14.08
2019-08-09 09:30:00,46.82,21.44,58.43,14.37,13.84,14.19
2019-08-09 09:45:00,46.45,21.88,58.6,14.26,13.79,14.25
2019-08-09 10:00:00,46.34,21.74,58.06,14.25,13.74,14.08
2019-08-09 10:15:00,46.21,21.83,57.95,14.22,13.71,14.12
2019-08-09 10:30:00,45.81,21.75,57.39,14.1,13.56,14.09
2019-08-09 10:45:00,45.53,21.72,57.18,14.03,13.48,13.94
2019-08-09 11:00:00,45.23,21.5,57.15,13.92,13.45,14.02
2019-08-09 11:15:00,44.97,21.41,56.92,13.82,13.4,13.96
2019-08-09 13:00:00,45.02,21.43,57.39,13.81,13.5,13.97
2019-08-09 13:15:00,45.41,21.56,58.12,13.98,13.57,14.25
2019-08-09 13:30:00,45.0,21.54,57.65,13.9,13.47,13.96
2019-08-09 13:45:00,44.85,21.52,57.35,13.82,13.38,13.89
2019-08-09 14:00:00,44.86,21.47,57.26,13.85,13.39,13.87
2019-08-09 14:15:00,44.86,21.4,57.29,13.83,13.41,13.88
2019-08-09 14:30:00,44.65,21.3,57.29,13.73,13.36,13.85
2019-08-12 09:30:00,45.4,21.17,57.98,13.82,13.41,13.97
2019-08-12 09:45:00,45.43,21.17,58.09,13.88,13.44,14.21
2019-08-12 10:00:00,45.55,21.07,58.49,13.83,13.43,14.08
2019-08-12 10:15:00,46.03,21.18,58.25,13.97,13.56,14.11
2019-08-12 10:30:00,45.82,21.12,57.89,13.88,13.5,13.94
2019-08-12 10:45:00,45.65,21.08,57.59,13.9,13.46,13.85
2019-08-12 11:00:00,45.5,21.14,57.71,13.91,13.45,13.85
2019-08-12 11:15:00,45.69,21.1,57.5,13.99,13.46,13.87
2019-08-12 13:00:00,45.6,21.07,56.72,13.9,13.41,13.85
2019-08-12 13:15:00,45.97,21.11,57.05,14.03,13.46,14.08
2019-08-12 13:30:00,46.24,21.09,57.03,14.02,13.47,14.16
2019-08-12 13:45:00,46.58,21.26,57.35,14.16,13.67,14.45
2019-08-12 14:00:00,46.8,21.25,57.2,14.11,13.64,14.36
2019-08-12 14:15:00,47.0,21.39,57.68,14.19,13.75,14.47
2019-08-12 14:30:00,47.35,21.45,57.75,14.25,13.73,14.48
2019-08-13 09:30:00,47.12,21.2,58.25,14.28,13.71,14.28
2019-08-13 09:45:00,47.24,21.41,57.97,14.3,13.73,14.32
2019-08-13 10:00:00,47.15,21.48,57.82,14.31,13.75,14.35
2019-08-13 10:15:00,47.5,21.6,57.77,14.3,13.78,14.34
2019-08-13 10:30:00,47.22,21.49,57.6,14.24,13.69,14.35
2019-08-13 10:45:00,46.91,21.33,57.33,14.21,13.64,14.16
2019-08-13 11:00:00,47.08,21.22,57.4,14.21,13.66,14.19
2019-08-13 11:15:00,46.8,21.26,57.3,14.15,13.6,14.16
2019-08-13 13:00:00,46.89,21.15,57.4,14.12,13.57,14.08
2019-08-13 13:15:00,47.14,21.18,57.45,14.13,13.61,14.16
2019-08-13 13:30:00,47.02,21.13,57.3,14.13,13.58,14.18
2019-08-13 13:45:00,47.02,21.13,57.11,14.1,13.6,14.15
2019-08-13 14:00:00,47.08,21.19,57.3,14.17,13.61,14.26
2019-08-13 14:15:00,47.17,21.17,57.3,14.25,13.61,14.32
2019-08-13 14:30:00,46.99,21.15,57.22,14.2,13.59,14.26
2019-08-14 09:30:00,48.05,21.77,58.17,14.45,13.88,14.55
2019-08-14 09:45:00,48.39,21.94,58.33,14.54,14.08,14.79
2019-08-14 10:00:00,48.89,21.91,58.73,14.52,14.19,14.7
2019-08-14 10:15:00,48.71,21.71,58.68,14.51,14.14,14.64
2019-08-14 10:30:00,48.78,21.99,58.62,14.52,14.18,14.64
2019-08-14 10:45:00,48.76,22.03,58.74,14.54,14.21,14.64
2019-08-14 11:00:00,48.25,22.04,58.67,14.41,14.11,14.43
2019-08-14 11:15:00,48.08,22.0,58.8,14.45,14.13,14.43
2019-08-14 13:00:00,47.86,22.05,58.87,14.39,14.11,14.45
2019-08-14 13:15:00,47.74,21.9,58.63,14.31,13.98,14.36
2019-08-14 13:30:00,47.98,21.99,58.81,14.36,14.02,14.42
2019-08-14 13:45:00,47.99,22.02,58.82,14.36,14.01,14.34
2019-08-14 14:00:00,47.68,22.0,58.62,14.31,13.95,14.29
2019-08-14 14:15:00,47.54,21.89,58.56,14.26,13.92,14.23
2019-08-14 14:30:00,47.5,21.83,58.35,14.26,13.9,14.14
2019-08-15 09:30:00,46.68,21.26,56.7,13.9,13.56,13.95
2019-08-15 09:45:00,47.41,21.36,56.5,14.0,13.65,13.93
2019-08-15 10:00:00,47.52,21.34,56.56,14.02,13.6,13.94
2019-08-15 10:15:00,48.0,21.47,57.37,14.15,13.82,14.16
2019-08-15 10:30:00,47.8,21.47,57.75,14.15,13.77,14.07
2019-08-15 10:45:00,47.78,21.5,58.1,14.15,13.77,14.05
2019-08-15 11:00:00,47.83,21.37,57.95,14.1,13.74,14.03
2019-08-15 11:15:00,47.8,21.31,58.03,14.08,13.7,13.96
2019-08-15 13:00:00,47.53,21.29,57.68,14.03,13.66,14.03
2019-08-15 13:15:00,47.77,21.36,57.8,14.1,13.74,14.31
2019-08-15 13:30:00,48.64,21.5,58.3,14.24,13.88,14.51
2019-08-15 13:45:00,49.0,21.6,58.29,14.36,13.95,14.64
2019-08-15 14:00:00,49.05,21.64,58.61,14.38,14.03,14.6
2019-08-15 14:15:00,49.88,21.67,59.0,14.47,14.07,14.76
2019-08-15 14:30:00,49.82,21.71,58.94,14.43,13.99,14.71
2019-08-16 09:30:00,,,,14.4,13.99,14.77
2019-08-16 09:45:00,49.84,22.49,58.88,14.4,13.99,14.81
2019-08-16 10:00:00,49.81,22.85,59.03,14.43,14.11,14.91
2019-08-16 10:15:00,49.75,23.23,58.9,14.42,14.06,14.88
2019-08-16 10:30:00,49.55,23.25,59.16,14.43,14.08,14.83
2019-08-16 10:45:00,49.62,23.04,59.13,14.43,14.04,14.74
2019-08-16 11:00:00,49.82,23.18,58.87,14.44,14.0,14.8
2019-08-16 11:15:00,49.95,23.46,59.69,14.53,14.06,14.89
2019-08-16 13:00:00,50.09,23.5,60.5,14.59,14.17,15.01
2019-08-16 13:15:00,50.08,23.72,60.19,14.59,14.23,14.91
2019-08-16 13:30:00,49.93,23.85,60.3,14.62,14.28,14.91
2019-08-16 13:45:00,50.19,23.8,60.25,14.67,14.26,14.96
2019-08-16 14:00:00,49.66,23.54,59.58,14.55,14.16,14.8
2019-08-16 14:15:00,50.1,23.96,59.72,14.53,14.18,14.8
2019-08-16 14:30:00,50.0,23.96,59.6,14.45,14.12,14.84
2019-08-19 09:30:00,50.15,23.58,59.97,14.63,14.21,14.68
2019-08-19 09:45:00,50.05,23.79,59.54,14.72,14.31,14.85
2019-08-19 10:00:00,50.48,23.95,60.33,14.83,14.41,14.95
2019-08-19 10:15:00,50.41,23.86,60.59,14.8,14.46,14.85
2019-08-19 10:30:00,51.06,24.06,61.18,14.91,14.54,15.02
2019-08-19 10:45:00,50.9,24.0,61.17,14.92,14.52,15.02
2019-08-19 11:00:00,51.4,24.13,61.5,14.99,14.84,15.23
2019-08-19 11:15:00,51.34,24.26,61.85,15.02,14.98,15.09
2019-08-19 13:00:00,51.63,24.4,62.26,15.05,15.02,15.22
2019-08-19 13:15:00,51.31,24.24,62.21,15.04,14.95,15.23
2019-08-19 13:30:00,51.53,24.59,62.24,15.05,14.87,15.19
2019-08-19 13:45:00,51.42,24.36,62.12,15.07,14.94,15.21
2019-08-19 14:00:00,51.0,24.38,61.6,15.0,14.9,15.22
2019-08-19 14:15:00,50.92,24.49,61.28,14.96,14.9,15.13
2019-08-19 14:30:00,51.0,24.39,61.4,15.06,14.88,15.2
2019-08-20 09:30:00,,,,,,
2019-08-20 09:45:00,,,,,,
2019-08-20 10:00:00,,,,,,
2019-08-20 10:15:00,,,,,,
2019-08-20 10:30:00,,,,,,
2019-08-20 10:45:00,,,,,,
2019-08-20 11:00:00,,,,,,
2019-08-20 11:15:00,,,,,,
2019-08-20 13:00:00,,,,,,
2019-08-20 13:15:00,,,,,,
2019-08-20 13:30:00,,,,,,
2019-08-20 13:45:00,,,,,,
2019-08-20 14:00:00,,,,,,
2019-08-20 14:15:00,,,,,,
2019-08-20 14:30:00,,,,,,
2019-08-21 09:30:00,49.95,24.17,58.53,14.88,14.66,14.91
2019-08-21 09:45:00,50.44,24.47,58.91,14.95,14.7,14.96
2019-08-21 10:00:00,50.03,24.29,58.56,14.95,14.67,14.86
2019-08-21 10:15:00,49.94,24.35,58.47,14.91,14.58,14.81
2019-08-21 10:30:00,50.03,24.32,58.9,15.03,14.59,14.89
2019-08-21 10:45:00,50.2,24.29,59.11,15.04,14.6,14.95
2019-08-21 11:00:00,50.32,24.4,59.4,15.04,14.6,14.98
2019-08-21 11:15:00,50.4,,,,,
2019-08-21 13:00:00,51.23,24.57,60.32,15.19,14.72,15.1
2019-08-21 13:15:00,51.26,24.38,60.74,15.23,14.77,15.21
2019-08-21 13:30:00,51.08,24.27,60.02,15.16,14.63,14.96
2019-08-21 13:45:00,51.1,24.39,60.23,15.16,14.65,14.93
2019-08-21 14:00:00,50.82,24.49,59.86,15.08,14.59,14.82
2019-08-21 14:15:00,50.9,24.48,59.8,15.05,14.6,14.86
2019-08-21 14:30:00,50.91,24.34,59.66,15.06,14.6,14.86
2019-08-22 09:30:00,49.88,24.4,61.51,15.11,14.64,15.16
2019-08-22 09:45:00,50.02,24.45,62.92,15.23,14.73,15.3
2019-08-22 10:00:00,49.9,24.57,63.39,15.29,14.81,15.26
2019-08-22 10:15:00,49.46,24.52,62.57,15.14,14.69,15.11
2019-08-22 10:30:00,49.42,24.49,61.85,15.1,14.64,14.94
2019-08-22 10:45:00,49.44,24.5,62.05,15.08,14.6,14.85
2019-08-22 11:00:00,49.19,24.46,61.69,15.04,14.59,14.88
2019-08-22 11:15:00,49.55,24.35,,,,
2019-08-22 13:00:00,49.27,24.41,62.1,15.04,14.58,14.78
2019-08-22 13:15:00,49.09,24.4,61.69,14.98,14.49,14.64
2019-08-22 13:30:00,49.31,24.54,61.7,15.03,14.52,14.75
2019-08-22 13:45:00,49.48,24.65,61.77,15.06,14.52,14.83
2019-08-22 14:00:00,49.75,24.76,61.8,15.12,14.61,14.85
2019-08-22 14:15:00,49.37,24.7,61.8,15.09,14.56,14.82
2019-08-22 14:30:00,49.61,24.74,62.23,15.15,14.68,14.9
2019-08-23 09:30:00,49.7,24.38,62.5,15.05,14.7,14.69
2019-08-23 09:45:00,49.5,23.9,62.51,14.95,14.55,14.52
2019-08-23 10:00:00,49.27,23.91,62.0,14.9,14.52,14.58
2019-08-23 10:15:00,49.33,24.06,62.08,14.88,14.54,14.55
2019-08-23 10:30:00,49.34,24.15,62.29,14.88,14.54,14.56
2019-08-23 10:45:00,49.31,24.21,61.92,14.91,14.56,14.49
2019-08-23 11:00:00,49.21,23.94,61.95,14.86,14.54,14.39
2019-08-23 11:15:00,49.15,,,,,
2019-08-23 13:00:00,49.01,24.1,61.82,14.85,14.5,14.35
2019-08-23 13:15:00,48.6,24.14,61.53,14.8,14.42,14.3
2019-08-23 13:30:00,48.81,24.0,61.7,14.82,14.4,14.34
2019-08-23 13:45:00,49.03,24.06,62.3,14.87,14.48,14.32
2019-08-23 14:00:00,49.39,24.12,62.58,14.88,14.5,14.37
2019-08-23 14:15:00,49.59,24.15,62.31,14.94,14.5,14.41
2019-08-23 14:30:00,49.33,24.06,62.02,14.9,14.43,14.32
2019-08-26 09:30:00,49.02,23.84,62.32,14.59,14.17,14.0
2019-08-26 09:45:00,49.44,24.13,64.08,14.68,14.26,14.13
2019-08-26 10:00:00,48.89,23.9,63.39,14.59,14.2,14.2
2019-08-26 10:15:00,49.26,23.83,64.53,14.6,14.27,14.34
2019-08-26 10:30:00,49.2,23.81,65.0,14.58,14.32,14.35
2019-08-26 10:45:00,49.45,23.74,65.09,14.59,14.38,14.36
2019-08-26 11:00:00,49.6,23.76,64.85,14.57,14.35,14.37
2019-08-26 11:15:00,49.6,23.69,64.99,,,
2019-08-26 13:00:00,49.41,23.58,64.81,14.63,14.36,14.26
2019-08-26 13:15:00,49.36,23.6,64.78,14.65,14.34,14.23
2019-08-26 13:30:00,49.45,23.55,64.51,14.59,14.32,14.2
2019-08-26 13:45:00,49.3,23.56,64.75,14.57,14.32,14.19
2019-08-26 14:00:00,48.69,23.43,64.2,14.48,14.25,14.1
2019-08-26 14:15:00,48.86,23.5,64.85,14.45,14.26,14.15
2019-08-26 14:30:00,48.93,23.61,65.01,14.5,14.3,14.19
2019-08-27 09:30:00,49.51,23.4,65.22,14.72,14.42,14.2
2019-08-27 09:45:00,49.82,23.77,66.0,14.83,14.7,14.29
2019-08-27 10:00:00,50.46,24.25,65.5,14.9,14.81,14.37
2019-08-27 10:15:00,50.59,24.4,66.01,15.02,14.8,14.45
2019-08-27 10:30:00,50.43,24.23,65.82,15.0,14.76,14.48
2019-08-27 10:45:00,51.23,24.34,66.03,15.09,14.82,14.6
2019-08-27 11:00:00,51.55,24.28,65.77,15.09,14.82,14.59
2019-08-27 11:15:00,50.99,24.28,65.6,,,
2019-08-27 13:00:00,50.89,24.78,65.43,15.02,14.73,14.5
2019-08-27 13:15:00,50.76,24.71,65.2,15.01,14.64,14.45
2019-08-27 13:30:00,50.5,24.37,65.01,14.94,14.61,14.38
2019-08-27 13:45:00,50.58,24.37,64.74,14.93,14.54,14.33
2019-08-27 14:00:00,50.7,24.35,64.8,14.96,14.57,14.36
2019-08-27 14:15:00,50.74,24.37,65.09,14.99,14.58,14.36
2019-08-27 14:30:00,51.32,24.23,65.2,15.01,14.57,14.3
2019-08-28 09:30:00,50.68,23.91,64.88,14.86,14.4,14.26
2019-08-28 09:45:00,50.68,23.65,64.49,14.87,14.28,14.17
2019-08-28 10:00:00,51.03,23.86,64.82,14.81,14.3,14.47
2019-08-28 10:15:00,51.16,23.85,64.85,14.74,14.26,14.5
2019-08-28 10:30:00,50.84,24.06,64.47,14.81,14.36,14.56
2019-08-28 10:45:00,50.92,24.09,64.35,14.85,14.36,14.9
2019-08-28 11:00:00,50.93,24.05,64.22,14.9,14.33,15.0
2019-08-28 11:15:00,,,,,,
2019-08-28 13:00:00,50.78,23.92,63.94,14.88,14.3,14.85
2019-08-28 13:15:00,50.69,23.83,63.79,14.85,14.26,14.84
2019-08-28 13:30:00,50.97,23.91,63.92,14.87,14.33,14.89
2019-08-28 13:45:00,50.84,23.78,63.93,14.86,14.3,14.83
2019-08-28 14:00:00,51.4,23.86,64.19,14.92,14.54,14.76
2019-08-28 14:15:00,51.02,23.8,63.97,14.88,14.52,14.79
2019-08-28 14:30:00,50.98,23.84,63.75,14.85,14.5,14.77
2019-08-29 09:30:00,50.93,23.88,63.64,14.83,14.44,14.67
2019-08-29 09:45:00,51.34,23.9,64.09,14.97,14.63,14.84
2019-08-29 10:00:00,51.4,23.93,64.04,14.99,14.69,14.85
2019-08-29 10:15:00,51.0,23.87,63.86,15.05,14.81,14.81
2019-08-29 10:30:00,50.75,23.94,63.95,15.17,14.77,14.61
2019-08-29 10:45:00,50.94,24.19,64.16,15.19,14.86,14.76
2019-08-29 11:00:00,50.96,24.18,63.99,15.16,14.79,14.64
2019-08-29 11:15:00,50.8,,63.75,,,
2019-08-29 13:00:00,51.08,24.25,63.89,15.07,14.78,14.72
2019-08-29 13:15:00,51.48,24.56,64.05,15.2,14.87,14.78
2019-08-29 13:30:00,51.18,24.18,63.92,15.2,14.77,14.79
2019-08-29 13:45:00,51.26,24.35,64.19,15.29,14.8,14.89
2019-08-29 14:00:00,50.91,24.11,64.35,15.26,14.73,15.03
2019-08-29 14:15:00,50.79,24.13,64.17,15.32,14.7,15.08
2019-08-29 14:30:00,50.74,24.08,63.83,15.29,14.68,15.33
2019-08-30 09:30:00,52.83,24.21,64.11,15.33,14.82,14.98
2019-08-30 09:45:00,54.17,24.8,65.27,15.65,15.51,15.31
2019-08-30 10:00:00,54.07,24.5,65.25,15.56,15.59,15.32
2019-08-30 10:15:00,54.32,24.75,65.37,15.7,15.8,15.41
2019-08-30 10:30:00,54.8,24.97,65.58,15.69,15.69,15.34
2019-08-30 10:45:00,55.32,24.9,65.51,15.68,15.7,15.2
2019-08-30 11:00:00,54.55,24.97,65.9,15.51,15.64,14.97
2019-08-30 11:15:00,54.86,,66.48,,,
2019-08-30 13:00:00,55.34,24.81,67.0,15.5,15.52,15.06
2019-08-30 13:15:00,55.0,24.73,66.28,15.48,15.54,15.25
2019-08-30 13:30:00,54.89,24.7,65.88,15.42,15.39,15.17
2019-08-30 13:45:00,54.05,24.47,65.04,15.26,15.25,14.95
2019-08-30 14:00:00,53.95,24.53,64.6,15.24,15.21,14.91
2019-08-30 14:15:00,53.67,24.41,64.52,15.11,15.19,14.86
2019-08-30 14:30:00,53.69,24.78,64.94,15.3,15.31,14.91
2019-09-02 09:30:00,54.05,25.32,64.11,15.17,15.04,14.75
2019-09-02 09:45:00,54.25,25.63,64.95,15.33,15.15,14.9
2019-09-02 10:00:00,53.94,25.39,64.7,15.26,15.17,14.76
2019-09-02 10:15:00,54.07,25.45,65.01,15.33,15.17,14.74
2019-09-02 10:30:00,54.2,25.39,64.84,15.25,15.13,14.6
2019-09-02 10:45:00,54.72,25.49,65.0,15.27,15.18,14.73
2019-09-02 11:00:00,54.5,25.68,65.38,15.33,15.17,14.76
2019-09-02 11:15:00,54.65,25.76,65.84,,,
2019-09-02 13:00:00,55.17,26.19,66.46,15.65,15.46,14.88
2019-09-02 13:15:00,54.96,26.26,66.71,15.6,15.51,15.02
2019-09-02 13:30:00,54.96,26.28,67.16,15.63,15.46,15.07
2019-09-02 13:45:00,54.84,26.1,67.11,15.65,15.36,15.07
2019-09-02 14:00:00,54.93,26.25,67.12,15.7,15.47,15.11
2019-09-02 14:15:00,54.89,26.3,67.0,15.7,15.5,15.12
2019-09-02 14:30:00,54.69,26.07,67.07,15.7,15.51,15.11
2019-09-03 09:30:00,54.76,26.47,66.76,15.63,15.52,15.33
2019-09-03 09:45:00,56.0,26.55,67.0,15.74,15.58,15.26
2019-09-03 10:00:00,55.64,26.59,66.83,15.65,15.49,15.12
2019-09-03 10:15:00,54.69,26.58,66.34,15.57,15.33,15.01
2019-09-03 10:30:00,55.01,26.89,66.68,15.66,15.39,15.05
2019-09-03 10:45:00,56.85,27.07,67.48,15.84,15.68,15.14
2019-09-03 11:00:00,56.82,27.36,66.81,15.84,15.71,15.15
2019-09-03 11:15:00,57.14,27.49,67.58,,,
2019-09-03 13:00:00,57.17,27.51,70.09,16.03,15.92,15.56
2019-09-03 13:15:00,56.54,27.36,70.07,16.16,16.04,15.4
2019-09-03 13:30:00,56.0,27.43,69.27,15.95,15.83,15.19
2019-09-03 13:45:00,55.94,27.37,69.2,15.92,15.8,15.19
2019-09-03 14:00:00,55.99,26.93,69.5,15.9,15.82,15.2
2019-09-03 14:15:00,56.4,27.23,70.0,15.96,16.01,15.34
2019-09-03 14:30:00,55.89,27.09,69.35,15.89,15.99,15.27
2019-09-04 09:30:00,57.76,27.25,71.81,16.25,16.23,16.4
2019-09-04 09:45:00,56.75,27.16,71.25,16.19,16.06,16.81
2019-09-04 10:00:00,57.17,27.35,70.76,16.02,15.89,16.52
2019-09-04 10:15:00,57.44,27.17,71.0,16.07,15.96,16.45
2019-09-04 10:30:00,58.94,27.39,71.81,16.2,16.19,16.81
2019-09-04 10:45:00,58.55,27.14,71.78,16.07,15.97,16.78
2019-09-04 11:00:00,58.1,26.99,70.7,15.99,15.89,16.62
2019-09-04 11:15:00,58.19,,70.8,,,
2019-09-04 13:00:00,58.46,27.24,70.6,16.07,15.98,16.62
2019-09-04 13:15:00,58.0,27.21,70.99,16.11,16.0,16.66
2019-09-04 13:30:00,58.15,27.04,70.1,16.0,15.92,16.6
2019-09-04 13:45:00,58.06,27.0,70.32,15.94,15.86,16.65
2019-09-04 14:00:00,58.17,27.24,70.7,16.03,16.0,16.71
2019-09-04 14:15:00,58.6,27.22,70.85,16.05,15.9,16.75
2019-09-04 14:30:00,58.72,27.07,70.65,16.08,15.92,16.81
2019-09-05 09:30:00,58.55,27.36,71.7,16.19,15.94,16.51
2019-09-05 09:45:00,58.79,27.81,71.86,16.17,16.0,16.67
2019-09-05 10:00:00,59.51,28.03,72.26,16.25,16.11,16.78
2019-09-05 10:15:00,59.45,28.52,72.26,16.45,16.1,16.72
2019-09-05 10:30:00,59.67,28.24,71.94,16.44,16.37,16.84
2019-09-05 10:45:00,60.24,28.23,72.36,16.44,16.33,17.0
2019-09-05 11:00:00,60.07,28.18,72.47,16.4,16.32,16.89
2019-09-05 11:15:00,59.81,28.58,73.37,,,
2019-09-05 13:00:00,60.22,28.62,73.87,16.8,16.58,17.35
2019-09-05 13:15:00,60.05,28.65,73.86,16.71,16.45,17.38
2019-09-05 13:30:00,59.94,28.69,73.42,16.65,16.46,17.28
2019-09-05 13:45:00,59.77,28.52,73.21,16.51,16.27,17.2
2019-09-05 14:00:00,58.98,28.24,72.82,16.45,16.25,17.18
2019-09-05 14:15:00,58.81,28.27,72.22,16.39,16.18,17.14
2019-09-05 14:30:00,58.72,28.08,72.08,16.3,16.05,16.93
2019-09-06 09:30:00,58.98,28.06,71.84,16.42,16.2,17.05
2019-09-06 09:45:00,58.7,27.81,72.0,16.54,16.17,16.97
2019-09-06 10:00:00,58.4,27.9,71.32,16.57,16.1,16.93
2019-09-06 10:15:00,58.18,27.94,71.05,16.36,15.99,16.83
2019-09-06 10:30:00,57.58,27.81,70.46,16.25,15.83,16.78
2019-09-06 10:45:00,58.08,27.9,70.8,16.31,15.96,16.78
2019-09-06 11:00:00,57.9,27.89,70.74,16.22,15.94,16.8
2019-09-06 11:15:00,57.5,,70.05,,,
2019-09-06 13:00:00,57.56,27.85,70.42,16.11,15.83,16.81
2019-09-06 13:15:00,57.43,27.86,69.82,16.08,15.73,16.75
2019-09-06 13:30:00,56.9,27.77,69.57,15.99,15.66,16.86
2019-09-06 13:45:00,56.82,27.77,69.15,16.05,15.72,17.02
2019-09-06 14:00:00,56.89,27.81,69.08,16.0,15.65,17.13
2019-09-06 14:15:00,57.35,27.76,69.93,16.13,15.74,17.11
2019-09-06 14:30:00,57.55,27.89,70.23,16.19,15.83,17.22
2019-09-09 09:30:00,58.1,28.8,70.8,16.42,16.1,17.74
2019-09-09 09:45:00,57.86,28.87,70.25,16.46,15.97,17.62
2019-09-09 10:00:00,58.19,28.85,70.34,16.46,16.14,17.66
2019-09-09 10:15:00,58.64,28.99,71.12,16.49,16.19,17.75
2019-09-09 10:30:00,58.42,28.87,70.71,16.65,16.18,17.91
2019-09-09 10:45:00,58.34,28.93,70.39,16.51,16.09,17.75
2019-09-09 11:00:00,58.19,29.0,70.94,16.57,16.18,17.88
2019-09-09 11:15:00,58.69,29.07,71.23,,,
2019-09-09 13:00:00,59.15,29.22,71.71,16.79,16.33,17.9
2019-09-09 13:15:00,58.85,29.1,72.0,16.74,16.26,17.98
2019-09-09 13:30:00,58.9,29.28,72.52,16.88,16.33,18.04
2019-09-09 13:45:00,58.58,29.25,71.95,16.74,16.29,17.88
2019-09-09 14:00:00,58.3,29.53,71.6,17.01,16.3,17.76
2019-09-09 14:15:00,59.27,29.69,72.11,17.47,16.66,18.25
2019-09-09 14:30:00,58.98,29.6,71.9,17.25,16.57,18.12
2019-09-10 09:30:00,58.49,29.25,71.67,17.08,16.32,18.67
2019-09-10 09:45:00,57.5,29.19,70.7,16.89,16.14,18.49
2019-09-10 10:00:00,57.28,29.14,70.62,16.99,16.17,18.59
2019-09-10 10:15:00,56.88,28.85,69.85,16.9,16.1,18.57
2019-09-10 10:30:00,56.79,28.78,70.04,16.84,16.06,18.46
2019-09-10 10:45:00,56.7,28.79,69.84,16.71,15.97,18.61
2019-09-10 11:00:00,56.71,29.05,69.77,16.69,15.98,18.72
2019-09-10 11:15:00,57.21,29.12,,,,
2019-09-10 13:00:00,57.28,29.48,70.2,16.85,16.14,19.43
2019-09-10 13:15:00,57.47,29.39,70.4,16.87,16.12,19.35
2019-09-10 13:30:00,57.66,29.4,70.44,16.94,16.18,19.2
2019-09-10 13:45:00,57.3,29.28,70.2,16.84,16.15,19.01
2019-09-10 14:00:00,57.26,29.51,70.11,16.82,16.15,19.15
2019-09-10 14:15:00,57.34,29.48,70.1,16.91,16.1,18.95
2019-09-10 14:30:00,57.32,29.42,69.9,16.95,16.06,19.12
2019-09-11 09:30:00,57.6,28.84,70.13,16.85,16.05,18.9
2019-09-11 09:45:00,57.4,28.87,69.97,17.06,16.06,18.96
2019-09-11 10:00:00,57.89,29.11,70.07,17.06,16.19,19.28
2019-09-11 10:15:00,57.9,29.03,70.18,16.95,16.07,19.15
2019-09-11 10:30:00,57.32,28.89,69.6,16.83,16.06,19.05
2019-09-11 10:45:00,57.35,28.89,69.75,16.81,15.99,19.0
2019-09-11 11:00:00,57.53,28.99,69.58,16.9,16.07,19.16
2019-09-11 11:15:00,57.54,,69.47,,,
2019-09-11 13:00:00,57.24,28.88,68.99,16.79,16.01,19.11
2019-09-11 13:15:00,57.04,28.91,68.4,16.82,15.95,19.05
2019-09-11 13:30:00,56.79,28.78,68.25,16.83,15.96,18.92
2019-09-11 13:45:00,57.02,28.8,68.74,16.77,15.93,19.08
2019-09-11 14:00:00,57.17,28.76,68.8,16.82,15.97,19.17
2019-09-11 14:15:00,57.38,28.89,69.15,16.81,15.96,19.13
2019-09-11 14:30:00,57.07,29.09,69.04,16.72,15.93,19.04
2019-09-12 09:30:00,57.02,28.8,69.39,16.96,17.12,18.76
2019-09-12 09:45:00,57.95,29.08,70.69,17.14,17.82,18.96
2019-09-12 10:00:00,57.97,28.98,70.12,17.08,17.67,18.88
2019-09-12 10:15:00,57.54,28.71,69.2,16.93,17.57,18.72
2019-09-12 10:30:00,57.73,28.7,69.3,17.01,17.69,18.72
2019-09-12 10:45:00,57.7,28.55,69.39,16.98,17.68,18.61
2019-09-12 11:00:00,57.76,28.63,69.49,16.99,17.75,18.67
2019-09-12 11:15:00,57.83,28.69,,,,
2019-09-12 13:00:00,57.79,28.85,69.54,16.94,17.59,18.8
2019-09-12 13:15:00,57.88,28.85,69.25,16.91,17.59,18.7
2019-09-12 13:30:00,57.5,28.9,69.25,16.81,17.44,18.64
2019-09-12 13:45:00,57.6,28.95,69.28,16.87,17.39,18.58
2019-09-12 14:00:00,57.86,28.99,69.47,16.93,17.46,18.7
2019-09-12 14:15:00,57.68,28.93,69.29,16.84,17.34,18.69
2019-09-12 14:30:00,57.7,29.1,69.25,16.85,17.44,18.67
2019-09-16 09:30:00,57.55,28.9,68.95,16.88,18.19,18.85
2019-09-16 09:45:00,58.69,29.2,70.2,17.25,19.05,19.09
2019-09-16 10:00:00,59.03,29.43,70.0,17.33,19.05,19.2
2019-09-16 10:15:00,58.42,29.27,70.04,17.24,18.56,19.31
2019-09-16 10:30:00,58.45,29.17,70.05,17.23,18.79,19.14
2019-09-16 10:45:00,58.74,29.11,70.15,17.23,18.71,19.2
2019-09-16 11:00:00,58.71,29.32,70.05,17.27,18.72,19.23
2019-09-16 11:15:00,,29.28,70.23,,,
2019-09-16 13:00:00,58.33,28.81,69.89,17.24,18.78,19.24
2019-09-16 13:15:00,58.48,28.97,70.01,17.28,18.77,19.6
2019-09-16 13:30:00,58.66,28.93,70.18,17.39,19.05,19.65
2019-09-16 13:45:00,58.75,29.16,70.69,17.45,19.05,19.69
2019-09-16 14:00:00,58.35,28.89,70.08,17.29,18.8,19.51
2019-09-16 14:15:00,57.89,28.87,69.96,17.13,18.8,19.33
2019-09-16 14:30:00,57.96,28.98,69.91,17.19,18.84,19.46
2019-09-17 09:30:00,56.45,28.96,68.9,16.71,18.11,19.01
2019-09-17 09:45:00,56.2,28.94,68.74,16.53,17.87,18.91
2019-09-17 10:00:00,56.33,28.6,68.97,16.5,17.89,18.72
2019-09-17 10:15:00,56.26,28.63,68.8,16.41,17.97,18.83
2019-09-17 10:30:00,55.95,28.49,68.31,16.38,17.76,18.63
2019-09-17 10:45:00,55.67,28.41,68.44,16.44,17.74,18.63
2019-09-17 11:00:00,56.1,28.39,68.51,16.42,17.7,18.7
2019-09-17 11:15:00,,28.25,67.96,,,
2019-09-17 13:00:00,55.63,28.12,67.59,16.22,17.41,18.37
2019-09-17 13:15:00,55.38,27.96,67.55,16.11,17.33,18.4
2019-09-17 13:30:00,55.58,28.02,67.53,16.11,17.43,18.44
2019-09-17 13:45:00,55.45,27.75,67.54,16.13,17.46,18.33
2019-09-17 14:00:00,55.65,27.72,67.87,16.15,17.59,18.37
2019-09-17 14:15:00,55.58,27.8,67.8,16.09,17.5,18.36
2019-09-17 14:30:00,55.41,27.6,67.81,16.12,17.47,18.33
2019-09-18 09:30:00,55.59,28.0,67.85,16.17,17.13,18.32
2019-09-18 09:45:00,55.6,27.89,67.94,16.23,17.21,18.53
2019-09-18 10:00:00,55.03,27.47,67.33,16.09,17.04,18.34
2019-09-18 10:15:00,55.38,26.99,67.47,16.01,17.01,18.35
2019-09-18 10:30:00,55.6,27.18,67.51,16.18,17.02,18.35
2019-09-18 10:45:00,55.46,27.53,67.85,16.21,17.06,18.35
2019-09-18 11:00:00,55.41,27.52,67.63,16.14,17.0,18.36
2019-09-18 11:15:00,,27.4,,,,
2019-09-18 13:00:00,55.4,27.84,67.71,16.15,16.97,18.19
2019-09-18 13:15:00,55.7,27.99,68.27,16.21,17.07,18.36
2019-09-18 13:30:00,56.0,28.0,68.68,16.26,17.19,18.5
2019-09-18 13:45:00,56.11,28.0,68.71,16.29,17.24,18.59
2019-09-18 14:00:00,55.85,28.13,68.56,16.26,17.15,18.66
2019-09-18 14:15:00,55.67,28.05,68.5,16.19,17.12,18.56
2019-09-18 14:30:00,55.84,27.84,68.55,16.14,17.03,18.49
2019-09-19 09:30:00,56.11,28.28,68.85,16.25,17.19,18.73
2019-09-19 09:45:00,55.94,27.94,68.3,16.11,17.14,19.0
2019-09-19 10:00:00,56.17,28.07,69.0,16.19,17.21,19.17
2019-09-19 10:15:00,56.16,28.28,69.37,16.29,17.37,19.26
2019-09-19 10:30:00,56.11,28.5,69.45,16.27,17.27,19.2
2019-09-19 10:45:00,56.1,28.81,69.8,16.43,17.47,19.24
2019-09-19 11:00:00,56.25,28.83,69.8,16.35,17.33,19.11
2019-09-19 11:15:00,,,70.2,,,
2019-09-19 13:00:00,55.98,28.8,69.82,16.3,17.27,19.06
2019-09-19 13:15:00,55.83,28.71,69.23,16.21,17.11,18.93
2019-09-19 13:30:00,55.88,28.65,69.36,16.21,17.18,18.88
2019-09-19 13:45:00,56.15,28.69,69.68,16.29,17.19,18.94
2019-09-19 14:00:00,56.17,28.7,69.83,16.29,17.19,18.88
2019-09-19 14:15:00,56.19,28.81,69.82,16.35,17.21,18.94
2019-09-19 14:30:00,56.38,28.98,70.13,16.42,17.34,19.13
2019-09-20 09:30:00,56.8,29.17,69.9,16.49,17.17,19.26
2019-09-20 09:45:00,56.62,29.13,69.83,16.55,17.18,19.45
2019-09-20 10:00:00,57.27,29.47,70.43,16.62,17.27,19.6
2019-09-20 10:15:00,57.84,29.8,70.48,16.68,17.34,19.95
2019-09-20 10:30:00,57.48,30.0,70.31,16.62,17.33,19.72
2019-09-20 10:45:00,57.05,29.78,69.82,16.5,17.17,19.51
2019-09-20 11:00:00,56.97,30.0,69.85,16.47,17.17,19.55
2019-09-20 11:15:00,57.05,,,,,
2019-09-20 13:00:00,57.46,30.94,70.82,16.6,17.3,19.67
2019-09-20 13:15:00,57.99,30.67,71.1,16.74,17.5,19.84
2019-09-20 13:30:00,58.0,30.95,71.06,16.69,17.46,19.93
2019-09-20 13:45:00,57.67,30.81,70.66,16.6,17.35,19.8
2019-09-20 14:00:00,57.56,30.85,70.48,16.6,17.4,19.75
2019-09-20 14:15:00,57.43,30.8,70.38,16.63,17.38,19.66
2019-09-20 14:30:00,57.45,30.62,70.66,16.6,17.39,19.82
2019-09-23 09:30:00,57.09,30.18,71.2,16.44,16.63,19.6
2019-09-23 09:45:00,57.03,30.39,72.04,16.47,16.73,19.75
2019-09-23 10:00:00,57.0,30.5,71.75,16.5,16.68,19.91
2019-09-23 10:15:00,57.01,30.35,72.71,16.35,16.65,19.94
2019-09-23 10:30:00,58.59,30.56,75.0,16.58,16.98,20.28
2019-09-23 10:45:00,57.94,30.32,74.1,16.51,16.83,19.98
2019-09-23 11:00:00,58.1,30.48,74.05,16.82,16.94,19.79
2019-09-23 11:15:00,57.8,,74.19,,,
2019-09-23 13:00:00,57.63,29.94,74.08,16.63,16.67,19.72
2019-09-23 13:15:00,57.88,30.25,74.17,16.67,16.8,19.74
2019-09-23 13:30:00,57.61,30.17,74.87,16.68,16.77,19.69
2019-09-23 13:45:00,57.79,30.43,74.48,16.68,16.76,19.67
2019-09-23 14:00:00,57.7,30.34,74.25,16.63,16.8,19.55
2019-09-23 14:15:00,57.94,30.6,76.17,16.81,16.83,19.76
2019-09-23 14:30:00,58.65,30.48,78.08,16.91,16.98,19.88
2019-09-24 09:30:00,59.04,30.57,82.65,17.03,17.66,19.98
2019-09-24 09:45:00,58.68,30.45,82.1,16.94,17.54,19.87
2019-09-24 10:00:00,58.88,30.54,82.25,16.93,17.5,19.98
2019-09-24 10:15:00,58.82,30.2,82.03,16.94,17.43,19.85
2019-09-24 10:30:00,58.59,30.12,83.01,16.87,17.48,19.88
2019-09-24 10:45:00,58.7,30.23,83.0,16.94,17.45,20.17
2019-09-24 11:00:00,58.92,30.3,83.93,16.95,17.42,20.24
2019-09-24 11:15:00,58.9,30.43,83.51,,,
2019-09-24 13:00:00,58.8,30.41,83.42,16.96,17.44,20.22
2019-09-24 13:15:00,59.13,30.43,82.3,16.99,17.48,20.23
2019-09-24 13:30:00,59.51,30.36,83.11,17.18,17.52,20.33
2019-09-24 13:45:00,59.25,30.42,83.1,17.13,17.41,20.17
2019-09-24 14:00:00,59.1,30.32,82.88,17.1,17.41,20.13
2019-09-24 14:15:00,58.88,30.12,82.75,17.02,17.39,20.11
2019-09-24 14:30:00,58.53,30.16,82.36,16.91,17.28,20.02
2019-09-25 09:30:00,56.77,29.23,80.89,16.51,16.95,19.4
2019-09-25 09:45:00,55.16,28.73,79.6,16.35,16.7,18.98
2019-09-25 10:00:00,54.97,28.81,79.34,16.19,16.54,18.84
2019-09-25 10:15:00,55.1,29.2,80.1,16.15,16.59,19.01
2019-09-25 10:30:00,55.49,29.14,80.99,16.23,16.68,19.03
2019-09-25 10:45:00,55.3,29.28,81.15,16.19,16.6,18.99
2019-09-25 11:00:00,55.43,29.47,80.96,16.25,16.6,19.09
2019-09-25 11:15:00,55.0,29.04,80.08,,,
2019-09-25 13:00:00,54.87,29.28,80.51,16.05,16.42,18.93
2019-09-25 13:15:00,54.97,29.29,81.12,16.07,16.46,18.93
2019-09-25 13:30:00,55.08,29.53,80.94,16.03,16.5,18.98
2019-09-25 13:45:00,54.73,29.6,80.65,15.95,16.35,18.8
2019-09-25 14:00:00,54.42,29.49,79.77,15.97,16.3,18.6
2019-09-25 14:15:00,54.18,29.4,79.6,15.9,16.27,18.7
2019-09-25 14:30:00,54.5,29.64,79.95,16.02,16.3,18.6
2019-09-26 09:30:00,52.98,29.5,77.69,15.83,15.95,18.45
2019-09-26 09:45:00,53.28,29.5,77.19,15.78,16.02,18.74
2019-09-26 10:00:00,52.99,29.08,76.17,15.69,15.93,18.54
2019-09-26 10:15:00,52.55,29.08,75.51,15.58,15.56,18.25
2019-09-26 10:30:00,52.62,29.46,75.35,15.62,15.61,18.33
2019-09-26 10:45:00,52.65,29.25,74.01,15.6,15.56,18.33
2019-09-26 11:00:00,52.28,29.28,73.0,15.41,15.55,18.18
2019-09-26 11:15:00,51.29,,72.15,,,
2019-09-26 13:00:00,51.92,29.09,71.9,15.35,15.35,18.14
2019-09-26 13:15:00,51.8,29.07,71.82,15.34,15.34,18.0
2019-09-26 13:30:00,51.95,29.2,71.82,15.33,15.39,17.96
2019-09-26 13:45:00,51.85,29.22,71.82,15.33,15.25,18.0
2019-09-26 14:00:00,51.69,28.99,71.82,15.2,15.26,17.96
2019-09-26 14:15:00,52.12,29.09,71.82,15.29,15.32,18.06
2019-09-26 14:30:00,51.78,29.14,71.82,15.16,15.19,17.97
2019-09-27 09:30:00,52.09,29.59,70.05,15.4,15.4,18.27
2019-09-27 09:45:00,51.71,29.39,68.76,15.31,15.32,18.04
2019-09-27 10:00:00,51.96,29.26,68.6,15.37,15.38,18.0
2019-09-27 10:15:00,52.04,29.25,67.8,15.32,15.38,17.87
2019-09-27 10:30:00,52.28,29.64,69.3,15.39,15.47,18.12
2019-09-27 10:45:00,52.6,29.86,69.23,15.47,15.51,18.23
2019-09-27 11:00:00,52.23,29.7,68.4,15.33,15.41,18.14
2019-09-27 11:15:00,52.16,,68.17,,,
2019-09-27 13:00:00,52.31,29.35,68.23,15.39,15.41,18.11
2019-09-27 13:15:00,52.15,29.12,68.12,15.29,15.38,17.98
2019-09-27 13:30:00,52.14,28.96,67.83,15.24,15.33,17.88
2019-09-27 13:45:00,52.25,29.04,68.92,15.28,15.36,18.07
2019-09-27 14:00:00,52.38,29.03,68.91,15.35,15.39,18.12
2019-09-27 14:15:00,52.34,29.13,68.98,15.29,15.43,18.0
2019-09-27 14:30:00,52.11,28.94,68.19,15.24,15.32,17.93
2019-09-30 09:30:00,52.01,29.45,67.25,15.26,15.5,17.54
2019-09-30 09:45:00,51.54,29.54,66.72,15.18,15.33,17.65
2019-09-30 10:00:00,51.82,29.82,66.66,15.3,15.54,17.81
2019-09-30 10:15:00,51.74,29.95,66.36,15.32,15.45,17.66
2019-09-30 10:30:00,51.56,29.58,66.15,15.32,15.45,17.6
2019-09-30 10:45:00,51.64,29.82,66.08,15.23,15.41,17.46
2019-09-30 11:00:00,51.77,29.96,66.0,15.24,15.41,17.44
2019-09-30 11:15:00,51.7,29.97,,,,
2019-09-30 13:00:00,51.85,29.88,66.18,15.29,15.48,17.49
2019-09-30 13:15:00,52.07,30.0,66.64,15.33,15.5,17.63
2019-09-30 13:30:00,52.36,30.05,66.85,15.33,15.51,17.59
2019-09-30 13:45:00,52.17,30.05,66.49,15.3,15.47,17.53
2019-09-30 14:00:00,52.04,29.97,66.26,15.27,15.42,17.52
2019-09-30 14:15:00,51.79,29.82,65.99,15.23,15.35,17.34
2019-09-30 14:30:00,51.42,29.76,65.72,15.2,15.21,17.18
2019-10-08 09:30:00,51.59,29.44,65.37,15.18,15.28,17.48
2019-10-08 09:45:00,52.0,29.33,65.79,15.25,15.35,17.66
2019-10-08 10:00:00,51.8,29.25,65.81,15.25,15.33,17.55
2019-10-08 10:15:00,51.6,29.45,66.07,15.24,15.32,17.55
2019-10-08 10:30:00,51.63,29.38,66.16,15.2,15.27,17.5
2019-10-08 10:45:00,51.73,29.29,66.38,15.24,15.33,17.5
2019-10-08 11:00:00,51.41,29.06,66.56,15.26,15.29,17.39
2019-10-08 11:15:00,,,,,,
2019-10-08 13:00:00,51.14,28.89,66.13,15.22,15.21,17.22
2019-10-08 13:15:00,50.77,28.8,65.85,15.19,15.16,17.08
2019-10-08 13:30:00,50.87,28.73,65.76,15.17,15.12,17.05
2019-10-08 13:45:00,50.38,28.38,65.1,15.06,15.02,16.87
2019-10-08 14:00:00,50.73,28.52,65.47,15.12,15.08,17.1
2019-10-08 14:15:00,50.78,28.3,65.17,15.12,15.05,16.99
2019-10-08 14:30:00,50.65,28.02,65.13,15.13,15.06,16.99
2019-10-09 09:30:00,50.71,28.89,66.44,15.07,15.18,16.85
2019-10-09 09:45:00,51.2,29.39,66.48,15.33,15.4,17.21
2019-10-09 10:00:00,51.38,29.54,66.6,15.3,15.39,17.07
2019-10-09 10:15:00,51.29,29.52,66.3,15.27,15.34,16.95
2019-10-09 10:30:00,50.95,29.61,65.8,15.26,15.29,16.81
2019-10-09 10:45:00,51.0,29.76,65.79,15.27,15.53,16.8
2019-10-09 11:00:00,51.1,29.87,65.98,15.34,15.54,16.8
2019-10-09 11:15:00,50.94,29.21,,,,
2019-10-09 13:00:00,51.15,28.99,66.1,15.37,15.52,16.87
2019-10-09 13:15:00,51.18,28.9,66.03,15.32,15.47,16.77
2019-10-09 13:30:00,51.13,28.98,65.95,15.32,15.41,16.81
2019-10-09 13:45:00,51.55,29.27,66.58,15.42,15.5,17.1
2019-10-09 14:00:00,51.62,29.37,66.59,15.37,15.5,17.05
2019-10-09 14:15:00,51.69,29.02,66.73,15.45,15.54,17.06
2019-10-09 14:30:00,51.85,28.96,66.56,15.46,15.54,17.03
2019-10-10 09:30:00,51.8,28.88,66.63,15.47,15.39,17.02
2019-10-10 09:45:00,51.78,28.92,67.5,15.49,15.5,17.09
2019-10-10 10:00:00,52.1,29.13,68.62,15.59,15.57,17.18
2019-10-10 10:15:00,52.0,29.09,68.7,15.56,15.52,17.14
2019-10-10 10:30:00,52.1,29.21,68.74,15.57,15.52,17.17
2019-10-10 10:45:00,51.83,28.98,68.27,15.48,15.42,17.07
2019-10-10 11:00:00,51.71,28.8,67.89,15.4,15.35,16.94
2019-10-10 11:15:00,51.66,29.1,,,,
2019-10-10 13:00:00,52.11,29.3,68.89,15.5,15.46,17.11
2019-10-10 13:15:00,51.87,29.3,68.38,15.43,15.44,17.11
2019-10-10 13:30:00,52.03,29.36,68.62,15.5,15.46,17.26
2019-10-10 13:45:00,52.01,29.29,68.71,15.52,15.51,17.11
2019-10-10 14:00:00,52.15,29.27,69.13,15.54,15.49,17.14
2019-10-10 14:15:00,52.25,29.26,69.2,15.56,15.52,17.21
2019-10-10 14:30:00,52.48,29.33,69.11,15.59,15.6,17.31
2019-10-11 09:30:00,52.06,29.38,69.05,15.56,15.52,17.44
2019-10-11 09:45:00,51.77,29.12,67.94,15.45,15.4,17.0
2019-10-11 10:00:00,51.73,29.21,67.7,15.43,15.37,16.88
2019-10-11 10:15:00,51.45,29.28,67.52,15.41,15.3,16.86
2019-10-11 10:30:00,51.15,29.13,67.13,15.21,15.21,16.78
2019-10-11 10:45:00,51.32,28.98,66.9,15.22,15.22,16.74
2019-10-11 11:00:00,51.39,29.1,66.8,15.22,15.27,16.81
2019-10-11 11:15:00,,,67.49,,,
2019-10-11 13:00:00,51.61,29.16,66.79,15.36,15.37,16.78
2019-10-11 13:15:00,51.58,29.2,66.28,15.35,15.36,16.79
2019-10-11 13:30:00,51.82,29.29,66.4,15.45,15.46,16.79
2019-10-11 13:45:00,51.85,29.44,66.87,15.4,15.44,16.81
2019-10-11 14:00:00,51.89,29.41,66.87,15.42,15.43,16.86
2019-10-11 14:15:00,51.93,29.23,66.58,15.43,15.43,16.84
2019-10-11 14:30:00,51.74,29.03,66.29,15.35,15.35,16.79
2019-10-14 09:30:00,52.8,30.03,67.27,15.67,15.74,17.13
2019-10-14 09:45:00,53.15,30.1,67.51,15.68,15.75,17.5
2019-10-14 10:00:00,53.23,29.81,67.39,15.69,15.82,17.52
2019-10-14 10:15:00,53.58,30.25,67.43,15.78,15.88,17.74
2019-10-14 10:30:00,53.87,30.27,67.67,15.9,15.96,18.22
2019-10-14 10:45:00,53.44,30.16,67.32,15.79,15.84,17.87
2019-10-14 11:00:00,53.53,30.12,67.59,15.79,15.85,17.97
2019-10-14 11:15:00,53.5,,67.32,,,
2019-10-14 13:00:00,53.51,29.98,67.63,15.8,15.82,17.91
2019-10-14 13:15:00,53.33,29.96,67.33,15.73,15.73,17.86
2019-10-14 13:30:00,53.38,30.01,67.31,15.73,15.76,17.99
2019-10-14 13:45:00,53.34,30.11,67.27,15.74,15.77,17.98
2019-10-14 14:00:00,53.7,30.47,67.59,15.82,15.79,18.0
2019-10-14 14:15:00,53.61,30.36,67.58,15.78,15.75,17.99
2019-10-14 14:30:00,53.36,30.38,67.28,15.75,15.72,17.95
2019-10-15 09:30:00,52.74,29.81,65.16,15.59,15.41,17.49
2019-10-15 09:45:00,52.8,29.69,65.41,15.58,15.34,17.27
2019-10-15 10:00:00,52.16,29.71,64.93,15.42,15.19,17.23
2019-10-15 10:15:00,52.16,29.63,65.29,15.45,15.27,17.35
2019-10-15 10:30:00,51.99,29.25,64.93,15.44,15.21,17.22
2019-10-15 10:45:00,51.95,28.85,64.84,15.4,15.17,17.13
2019-10-15 11:00:00,52.15,29.19,64.81,15.43,15.19,17.22
2019-10-15 11:15:00,52.02,29.19,64.73,,,
2019-10-15 13:00:00,51.72,29.68,64.58,15.43,15.2,17.07
2019-10-15 13:15:00,51.95,29.98,64.76,15.45,15.19,17.07
2019-10-15 13:30:00,51.93,30.09,64.68,15.48,15.21,17.2
2019-10-15 13:45:00,52.17,29.9,64.8,15.53,15.27,17.19
2019-10-15 14:00:00,51.97,29.75,64.62,15.51,15.2,17.11
2019-10-15 14:15:00,51.9,29.69,64.86,15.45,15.21,17.07
2019-10-15 14:30:00,51.89,29.81,64.94,15.47,15.2,17.07
2019-10-16 09:30:00,51.73,29.6,63.96,15.45,15.18,16.75
2019-10-16 09:45:00,52.04,29.73,64.61,15.45,15.24,17.04
2019-10-16 10:00:00,51.95,29.85,65.13,15.53,15.27,17.01
2019-10-16 10:15:00,52.08,30.08,64.78,15.5,15.24,16.96
2019-10-16 10:30:00,52.06,30.05,65.14,15.48,15.26,17.01
2019-10-16 10:45:00,52.41,29.81,65.15,15.55,15.29,17.08
2019-10-16 11:00:00,52.21,30.0,64.73,15.53,15.29,17.1
2019-10-16 11:15:00,51.9,,64.75,,,
2019-10-16 13:00:00,51.85,30.09,64.27,15.48,15.18,16.94
2019-10-16 13:15:00,51.65,29.78,63.91,15.39,15.13,16.83
2019-10-16 13:30:00,51.71,29.7,63.95,15.39,15.16,16.82
2019-10-16 13:45:00,51.76,29.51,63.7,15.38,15.13,16.8
2019-10-16 14:00:00,51.75,29.57,64.0,15.4,15.13,16.87
2019-10-16 14:15:00,51.7,29.45,63.82,15.37,15.12,16.79
2019-10-16 14:30:00,51.9,29.53,63.69,15.4,15.14,16.75
2019-10-17 09:30:00,51.93,29.78,64.2,15.49,15.19,16.89
2019-10-17 09:45:00,51.78,30.1,63.6,15.43,15.17,16.92
2019-10-17 10:00:00,51.47,30.51,63.3,15.42,15.12,16.8
2019-10-17 10:15:00,51.4,30.3,63.17,15.36,15.06,16.71
2019-10-17 10:30:00,51.82,30.5,63.7,15.44,15.16,16.81
2019-10-17 10:45:00,51.6,30.72,63.61,15.4,15.12,16.79
2019-10-17 11:00:00,51.58,30.8,63.33,15.38,15.1,16.74
2019-10-17 11:15:00,51.63,30.73,63.3,,,
2019-10-17 13:00:00,51.55,30.54,63.33,15.35,15.08,16.74
2019-10-17 13:15:00,51.55,30.59,63.26,15.3,15.07,16.67
2019-10-17 13:30:00,51.55,30.61,63.48,15.39,15.1,16.77
2019-10-17 13:45:00,51.5,30.6,63.18,15.38,15.08,16.7
2019-10-17 14:00:00,51.55,30.53,63.15,15.37,15.07,16.67
2019-10-17 14:15:00,51.2,30.42,63.0,15.32,15.01,16.52
2019-10-17 14:30:00,51.11,30.36,62.88,15.33,15.0,16.55
2019-10-18 09:30:00,51.27,30.57,63.76,15.37,15.08,16.92
2019-10-18 09:45:00,51.0,30.3,63.62,15.35,15.04,16.69
2019-10-18 10:00:00,51.2,30.55,63.7,15.41,15.06,16.61
2019-10-18 10:15:00,51.2,30.54,64.21,15.44,15.05,16.66
2019-10-18 10:30:00,50.94,30.72,63.9,15.35,14.99,16.56
2019-10-18 10:45:00,50.8,30.91,63.66,15.31,14.9,16.58
2019-10-18 11:00:00,50.59,30.93,63.53,15.3,14.89,16.6
2019-10-18 11:15:00,50.27,30.63,,,,
2019-10-18 13:00:00,49.88,30.54,63.0,15.11,14.73,16.35
2019-10-18 13:15:00,49.37,30.53,62.93,14.96,14.59,16.22
2019-10-18 13:30:00,49.57,30.39,62.93,15.0,14.61,16.22
2019-10-18 13:45:00,49.66,30.27,62.85,14.93,14.64,16.04
2019-10-18 14:00:00,49.5,30.14,62.67,14.67,14.58,16.2
2019-10-18 14:15:00,49.71,30.16,62.96,14.78,14.61,16.31
2019-10-18 14:30:00,49.37,30.08,62.66,14.75,14.58,16.26
2019-10-21 09:30:00,49.05,29.77,62.4,14.96,14.46,16.01
2019-10-21 09:45:00,49.44,29.9,63.37,15.0,14.78,16.27
2019-10-21 10:00:00,49.26,29.75,63.12,15.0,14.72,16.24
2019-10-21 10:15:00,49.28,29.79,63.23,15.04,14.76,16.28
2019-10-21 10:30:00,49.23,29.72,62.95,15.05,14.8,16.25
2019-10-21 10:45:00,49.01,29.65,62.8,14.99,14.7,16.15
2019-10-21 11:00:00,49.01,29.52,63.04,14.98,14.7,16.18
2019-10-21 11:15:00,,,,,,
2019-10-21 13:00:00,48.75,29.57,63.05,14.99,14.69,16.18
2019-10-21 13:15:00,48.41,29.28,62.9,14.9,14.61,16.06
2019-10-21 13:30:00,48.6,29.24,62.81,14.87,14.63,16.0
2019-10-21 13:45:00,48.52,29.1,62.55,14.87,14.58,16.01
2019-10-21 14:00:00,48.54,28.86,62.43,14.88,14.53,16.04
2019-10-21 14:15:00,48.53,28.93,62.48,14.91,14.53,16.06
2019-10-21 14:30:00,48.91,29.25,63.15,14.91,14.65,16.17
2019-10-22 09:30:00,49.5,28.99,64.01,15.16,14.86,16.62
2019-10-22 09:45:00,50.0,29.46,64.52,15.31,14.93,16.86
2019-10-22 10:00:00,49.9,29.08,64.39,15.25,14.88,16.7
2019-10-22 10:15:00,49.84,29.19,64.29,15.24,14.85,16.74
2019-10-22 10:30:00,49.67,29.29,63.93,15.27,14.86,16.78
2019-10-22 10:45:00,49.61,29.37,63.82,15.27,14.85,16.69
2019-10-22 11:00:00,49.41,29.29,63.65,15.27,14.81,16.63
2019-10-22 11:15:00,,,,,,
2019-10-22 13:00:00,49.55,29.13,63.79,15.27,14.8,16.6
2019-10-22 13:15:00,49.53,29.21,63.85,15.27,14.75,16.6
2019-10-22 13:30:00,49.58,29.04,64.07,15.25,14.77,16.63
2019-10-22 13:45:00,49.64,28.96,64.03,15.28,14.79,16.6
2019-10-22 14:00:00,49.75,28.94,64.14,15.33,14.85,16.61
2019-10-22 14:15:00,49.94,29.14,64.35,15.38,14.92,16.71
2019-10-22 14:30:00,49.81,29.28,64.2,15.31,14.87,16.68
2019-10-23 09:30:00,49.84,29.1,63.7,15.29,14.87,16.78
2019-10-23 09:45:00,50.12,28.68,64.28,15.37,14.9,16.9
2019-10-23 10:00:00,50.01,28.5,64.31,15.33,14.84,17.01
2019-10-23 10:15:00,50.04,28.61,64.2,15.32,14.83,17.27
2019-10-23 10:30:00,50.04,28.52,64.32,15.3,14.89,17.19
2019-10-23 10:45:00,49.82,28.27,64.02,15.27,14.81,17.08
2019-10-23 11:00:00,49.84,28.03,63.91,15.23,14.78,17.15
2019-10-23 11:15:00,,28.14,,,,
2019-10-23 13:00:00,49.93,28.06,64.12,15.28,14.84,17.1
2019-10-23 13:15:00,49.81,28.01,63.82,15.26,14.82,17.12
2019-10-23 13:30:00,49.71,27.96,63.75,15.22,14.78,17.1
2019-10-23 13:45:00,49.85,27.83,63.75,15.2,14.77,17.09
2019-10-23 14:00:00,49.6,27.63,63.6,15.16,14.66,17.06
2019-10-23 14:15:00,49.63,27.73,63.39,15.15,14.72,17.02
2019-10-23 14:30:00,49.35,27.71,63.18,15.11,14.63,16.91
2019-10-24 09:30:00,50.09,27.71,62.88,15.17,14.64,16.83
2019-10-24 09:45:00,50.14,27.85,63.19,15.2,14.66,16.86
2019-10-24 10:00:00,50.16,27.45,63.15,15.24,14.67,16.86
2019-10-24 10:15:00,50.18,27.6,63.1,15.24,14.69,16.89
2019-10-24 10:30:00,50.04,27.76,62.72,15.24,14.62,16.76
2019-10-24 10:45:00,49.95,27.7,62.8,15.22,14.6,16.76
2019-10-24 11:00:00,49.97,27.52,62.89,15.2,14.55,16.75
2019-10-24 11:15:00,50.03,27.35,62.62,,,
2019-10-24 13:00:00,49.76,27.29,62.57,15.17,14.47,16.68
2019-10-24 13:15:00,49.85,27.2,62.58,15.13,14.48,16.59
2019-10-24 13:30:00,49.71,27.23,62.61,15.16,14.46,16.6
2019-10-24 13:45:00,49.82,27.22,62.65,15.2,14.5,16.7
2019-10-24 14:00:00,50.04,27.32,62.92,15.23,14.58,16.84
2019-10-24 14:15:00,50.18,27.4,63.1,15.29,14.66,16.87
2019-10-24 14:30:00,50.03,27.59,63.03,15.28,14.6,16.8
2019-10-25 09:30:00,49.7,27.39,62.99,15.1,14.51,16.5
2019-10-25 09:45:00,50.18,27.59,63.45,15.11,14.65,16.72
2019-10-25 10:00:00,50.01,27.35,63.25,15.13,14.55,16.63
2019-10-25 10:15:00,50.0,27.05,63.35,15.14,14.6,16.69
2019-10-25 10:30:00,49.92,26.8,63.11,15.17,14.53,16.63
2019-10-25 10:45:00,50.3,26.9,63.42,15.27,14.66,16.9
2019-10-25 11:00:00,50.3,27.18,63.6,15.3,14.69,16.96
2019-10-25 11:15:00,50.3,27.21,63.63,,,
2019-10-25 13:00:00,50.15,27.38,63.51,15.27,14.63,16.91
2019-10-25 13:15:00,50.2,27.18,63.64,15.26,14.67,17.03
2019-10-25 13:30:00,50.4,27.19,63.73,15.31,14.73,17.09
2019-10-25 13:45:00,50.45,27.12,64.1,15.37,14.78,17.2
2019-10-25 14:00:00,50.56,27.3,64.43,15.4,14.77,17.2
2019-10-25 14:15:00,50.85,27.49,64.85,15.46,14.85,17.47
2019-10-25 14:30:00,50.91,27.5,64.83,15.45,14.8,17.31
2019-10-28 09:30:00,51.36,27.62,65.74,15.72,15.08,17.97
2019-10-28 09:45:00,51.45,27.48,66.02,15.68,15.09,17.94
2019-10-28 10:00:00,51.32,27.63,65.13,15.72,15.01,17.94
2019-10-28 10:15:00,51.5,27.72,65.62,15.75,15.14,17.99
2019-10-28 10:30:00,52.08,27.69,66.12,15.79,15.24,17.98
2019-10-28 10:45:00,51.88,27.61,65.9,15.77,15.16,18.0
2019-10-28 11:00:00,52.4,28.01,67.0,15.82,15.2,18.11
2019-10-28 11:15:00,52.5,,66.88,,,
2019-10-28 13:00:00,52.31,27.66,66.8,15.82,15.2,18.22
2019-10-28 13:15:00,52.79,27.78,67.55,15.93,15.4,18.72
2019-10-28 13:30:00,52.46,27.79,67.69,15.87,15.32,18.49
2019-10-28 13:45:00,52.46,27.94,67.6,15.86,15.29,18.58
2019-10-28 14:00:00,52.6,27.9,67.33,15.85,15.28,18.59
2019-10-28 14:15:00,52.62,27.85,67.5,15.9,15.3,18.57
2019-10-28 14:30:00,52.52,27.9,67.26,15.88,15.25,18.47
2019-10-29 09:30:00,52.21,27.92,69.9,15.7,15.17,18.5
2019-10-29 09:45:00,51.81,27.83,69.13,15.64,15.09,18.98
2019-10-29 10:00:00,51.68,27.8,69.72,15.65,15.08,19.0
2019-10-29 10:15:00,51.5,27.66,69.35,15.56,15.03,18.77
2019-10-29 10:30:00,51.81,27.75,69.5,15.64,15.07,18.82
2019-10-29 10:45:00,51.6,27.81,68.88,15.63,15.04,18.87
2019-10-29 11:00:00,51.47,27.77,68.9,15.58,14.97,19.06
2019-10-29 11:15:00,51.46,,68.87,,,
2019-10-29 13:00:00,51.49,27.8,68.4,15.57,14.99,19.03
2019-10-29 13:15:00,51.34,27.8,67.89,15.58,14.97,19.19
2019-10-29 13:30:00,51.23,27.65,67.32,15.54,14.93,19.05
2019-10-29 13:45:00,51.2,27.6,67.38,15.56,14.94,18.99
2019-10-29 14:00:00,51.12,27.44,67.21,15.61,14.92,18.88
2019-10-29 14:15:00,51.2,27.53,66.91,15.56,14.88,18.79
2019-10-29 14:30:00,51.12,27.45,67.33,15.55,14.85,18.73
2019-10-30 09:30:00,50.95,27.65,67.8,15.31,14.6,19.31
2019-10-30 09:45:00,51.49,27.19,69.14,15.56,14.93,19.12
2019-10-30 10:00:00,51.37,27.24,68.6,15.55,14.94,18.54
2019-10-30 10:15:00,52.2,27.5,69.79,15.71,15.1,18.84
2019-10-30 10:30:00,52.49,27.82,69.34,15.7,15.15,18.78
2019-10-30 10:45:00,52.36,27.98,69.16,15.67,15.07,18.69
2019-10-30 11:00:00,52.21,28.0,68.72,15.64,15.05,18.45
2019-10-30 11:15:00,52.04,,68.52,,,
2019-10-30 13:00:00,52.0,28.01,68.77,15.63,15.05,18.59
2019-10-30 13:15:00,51.92,27.9,68.46,15.53,14.99,18.44
2019-10-30 13:30:00,52.0,28.0,68.87,15.56,15.04,18.47
2019-10-30 13:45:00,51.83,27.95,68.87,15.51,14.99,18.41
2019-10-30 14:00:00,51.69,28.0,68.68,15.5,14.95,18.29
2019-10-30 14:15:00,51.6,27.88,68.46,15.41,14.93,18.33
2019-10-30 14:30:00,51.74,27.88,68.76,15.43,14.98,18.37
2019-10-31 09:30:00,51.13,28.15,70.2,15.44,14.72,18.54
2019-10-31 09:45:00,51.5,28.29,70.2,15.47,14.78,18.87
2019-10-31 10:00:00,51.25,28.29,70.55,15.41,14.75,19.11
2019-10-31 10:15:00,51.17,28.4,71.2,15.42,14.75,19.02
2019-10-31 10:30:00,51.38,28.08,71.4,15.44,14.76,18.91
2019-10-31 10:45:00,51.65,28.0,71.49,15.56,14.85,19.0
2019-10-31 11:00:00,51.74,27.97,71.71,15.54,14.86,19.04
2019-10-31 11:15:00,51.56,27.8,71.49,,14.79,
2019-10-31 13:00:00,51.39,27.9,71.61,15.52,14.77,18.86
2019-10-31 13:15:00,51.21,27.86,70.91,15.4,14.74,18.65
2019-10-31 13:30:00,51.11,28.0,71.0,15.4,14.7,18.63
2019-10-31 13:45:00,50.87,28.18,70.7,15.36,14.65,18.61
2019-10-31 14:00:00,51.25,28.19,71.05,15.43,14.75,18.69
2019-10-31 14:15:00,51.02,28.05,70.88,15.41,14.68,18.56
2019-10-31 14:30:00,51.01,27.99,70.84,15.37,14.66,18.43
2019-11-01 09:30:00,50.6,27.68,70.2,15.2,14.65,18.23
2019-11-01 09:45:00,51.03,27.9,70.41,15.25,14.82,18.59
2019-11-01 10:00:00,51.35,28.05,70.4,15.4,14.83,18.72
2019-11-01 10:15:00,51.15,27.9,69.73,15.35,14.84,18.69
2019-11-01 10:30:00,50.75,27.86,69.5,15.26,14.79,18.53
2019-11-01 10:45:00,51.06,28.05,70.4,15.38,14.85,18.68
2019-11-01 11:00:00,50.99,27.94,70.01,15.34,14.82,18.48
2019-11-01 11:15:00,,,,,,
2019-11-01 13:00:00,51.32,27.86,70.34,15.47,14.86,18.82
2019-11-01 13:15:00,51.37,27.95,70.61,15.49,14.84,18.9
2019-11-01 13:30:00,51.38,27.86,70.58,15.49,14.87,18.82
2019-11-01 13:45:00,51.29,27.96,71.11,15.49,14.83,18.79
2019-11-01 14:00:00,50.93,27.88,70.69,15.41,14.79,18.66
2019-11-01 14:15:00,50.95,27.8,70.91,15.42,14.81,18.7
2019-11-01 14:30:00,51.0,27.91,70.79,15.41,14.81,18.67
2019-11-04 09:30:00,51.38,28.08,70.48,15.59,15.07,18.7
2019-11-04 09:45:00,51.69,28.17,70.83,15.65,15.11,18.92
2019-11-04 10:00:00,51.63,28.01,70.55,15.65,15.07,18.83
2019-11-04 10:15:00,51.9,28.06,71.46,15.59,15.08,18.88
2019-11-04 10:30:00,51.76,28.04,71.36,15.69,15.09,18.95
2019-11-04 10:45:00,51.88,28.11,71.26,15.69,15.1,18.97
2019-11-04 11:00:00,51.84,28.08,71.32,15.7,15.09,18.9
2019-11-04 11:15:00,52.15,,71.37,,,
2019-11-04 13:00:00,52.07,28.05,71.01,15.68,15.04,18.89
2019-11-04 13:15:00,51.86,28.02,70.84,15.64,15.0,18.81
2019-11-04 13:30:00,52.13,27.94,71.4,15.65,15.01,18.9
2019-11-04 13:45:00,51.99,27.76,71.0,15.57,14.93,18.87
2019-11-04 14:00:00,51.94,27.82,71.11,15.57,14.96,19.06
2019-11-04 14:15:00,52.16,27.79,71.49,15.57,15.05,18.98
2019-11-04 14:30:00,52.05,27.65,71.18,15.48,14.99,18.92
2019-11-05 09:30:00,51.62,27.65,72.0,15.59,15.03,18.99
2019-11-05 09:45:00,51.52,27.51,71.52,15.57,15.05,19.06
2019-11-05 10:00:00,51.45,27.5,71.21,15.47,14.91,18.88
2019-11-05 10:15:00,51.43,27.32,71.7,15.5,14.98,19.06
2019-11-05 10:30:00,51.41,27.1,71.92,15.54,15.01,19.05
2019-11-05 10:45:00,51.35,27.08,71.91,15.53,14.99,19.07
2019-11-05 11:00:00,51.42,27.21,71.69,15.55,15.06,19.06
2019-11-05 11:15:00,51.89,27.41,72.5,,,
2019-11-05 13:00:00,51.96,27.55,72.51,15.69,15.16,19.17
2019-11-05 13:15:00,52.11,27.45,73.33,15.67,15.2,19.19
2019-11-05 13:30:00,52.21,27.4,73.18,15.62,15.18,19.09
2019-11-05 13:45:00,51.91,27.45,73.09,15.62,15.18,19.09
2019-11-05 14:00:00,52.08,27.5,73.27,15.64,15.15,19.08
2019-11-05 14:15:00,51.75,27.45,72.92,15.59,15.15,19.07
2019-11-05 14:30:00,51.62,27.17,72.82,15.59,15.14,19.09
2019-11-06 09:30:00,51.89,27.52,72.2,15.62,15.48,19.05
2019-11-06 09:45:00,51.66,27.4,71.5,15.57,15.39,19.02
2019-11-06 10:00:00,51.45,27.53,72.17,15.51,15.37,19.03
2019-11-06 10:15:00,51.19,27.64,72.15,15.5,15.4,18.9
2019-11-06 10:30:00,50.74,27.67,71.51,15.37,15.36,18.88
2019-11-06 10:45:00,49.77,27.62,71.18,15.21,15.2,18.74
2019-11-06 11:00:00,49.84,27.58,71.17,15.27,15.26,18.87
2019-11-06 11:15:00,47.02,27.4,70.08,,,
2019-11-06 13:00:00,47.55,27.28,70.83,14.75,15.11,18.66
2019-11-06 13:15:00,47.45,27.26,69.95,14.75,15.07,18.5
2019-11-06 13:30:00,47.3,27.23,70.1,14.71,15.13,18.73
2019-11-06 13:45:00,47.09,27.16,69.8,14.72,15.0,18.64
2019-11-06 14:00:00,47.13,27.17,70.15,14.73,15.03,18.63
2019-11-06 14:15:00,46.98,27.1,69.84,14.66,14.97,18.54
2019-11-06 14:30:00,46.98,27.13,69.88,14.47,14.94,18.53
2019-11-07 09:30:00,48.01,27.28,70.75,14.73,14.89,18.55
2019-11-07 09:45:00,47.97,27.23,70.11,14.65,14.99,18.45
2019-11-07 10:00:00,47.72,27.37,70.4,14.72,15.06,18.48
2019-11-07 10:15:00,47.4,27.28,70.78,14.76,15.07,18.55
2019-11-07 10:30:00,47.66,27.29,70.89,14.74,15.04,18.51
2019-11-07 10:45:00,47.37,27.3,70.56,14.68,14.99,18.37
2019-11-07 11:00:00,47.41,27.32,70.33,14.6,14.94,18.31
2019-11-07 11:15:00,47.27,27.29,,,,
2019-11-07 13:00:00,47.28,27.2,70.37,14.6,14.89,18.36
2019-11-07 13:15:00,47.36,27.15,70.39,14.61,14.9,18.5
2019-11-07 13:30:00,47.2,27.11,70.51,14.58,14.92,18.68
2019-11-07 13:45:00,47.21,27.11,70.71,14.63,14.9,18.64
2019-11-07 14:00:00,47.34,27.15,71.08,14.62,15.02,18.66
2019-11-07 14:15:00,47.35,27.09,70.7,14.63,14.96,18.54
2019-11-07 14:30:00,47.33,27.12,71.0,14.62,14.93,18.61
2019-11-08 09:30:00,47.66,27.51,71.55,14.69,15.13,18.84
2019-11-08 09:45:00,47.89,28.05,71.29,14.74,15.21,18.95
2019-11-08 10:00:00,48.08,28.2,71.31,14.77,15.45,18.93
2019-11-08 10:15:00,47.97,28.63,70.52,14.75,15.48,18.76
2019-11-08 10:30:00,47.81,28.58,70.78,14.75,15.43,18.7
2019-11-08 10:45:00,47.82,29.0,70.61,14.74,15.4,18.66
2019-11-08 11:00:00,47.97,28.98,71.05,14.74,15.45,18.66
2019-11-08 11:15:00,48.01,29.1,71.55,,,
2019-11-08 13:00:00,47.84,28.99,70.91,14.72,15.45,18.59
2019-11-08 13:15:00,47.68,29.07,70.7,14.67,15.38,18.42
2019-11-08 13:30:00,47.63,29.02,70.58,14.65,15.34,18.37
2019-11-08 13:45:00,47.82,29.26,70.75,14.67,15.37,18.46
2019-11-08 14:00:00,47.55,29.15,70.11,14.58,15.27,18.39
2019-11-08 14:15:00,47.33,28.83,70.02,14.6,15.32,18.32
2019-11-08 14:30:00,47.59,28.87,70.34,14.57,15.31,18.36
2019-11-11 09:30:00,46.27,28.18,69.81,14.3,15.09,18.29
2019-11-11 09:45:00,45.91,27.81,69.68,14.26,15.02,17.99
2019-11-11 10:00:00,45.88,27.85,69.64,14.23,15.01,18.0
2019-11-11 10:15:00,45.7,27.56,69.46,14.2,15.0,17.93
2019-11-11 10:30:00,45.74,27.56,69.19,14.23,14.91,17.99
2019-11-11 10:45:00,45.93,27.63,68.9,14.28,14.98,17.95
2019-11-11 11:00:00,45.71,27.38,68.54,14.21,14.93,17.84
2019-11-11 11:15:00,45.6,,,,,
2019-11-11 13:00:00,45.3,27.12,69.15,14.16,14.91,17.89
2019-11-11 13:15:00,45.2,27.27,69.33,14.19,14.93,17.87
2019-11-11 13:30:00,45.36,27.03,69.25,14.17,14.92,17.84
2019-11-11 13:45:00,45.2,27.2,69.07,14.15,14.87,17.78
2019-11-11 14:00:00,45.35,27.13,69.0,14.11,14.81,17.8
2019-11-11 14:15:00,45.36,27.1,68.96,14.09,14.88,17.82
2019-11-11 14:30:00,45.1,27.06,68.45,14.05,14.83,17.71
2019-11-12 09:30:00,45.16,26.26,68.98,14.05,14.79,17.75
2019-11-12 09:45:00,44.29,26.17,67.8,13.8,14.33,17.62
2019-11-12 10:00:00,44.12,26.4,67.41,13.85,14.43,17.72
2019-11-12 10:15:00,44.29,26.39,67.24,13.9,14.49,17.68
2019-11-12 10:30:00,44.31,26.21,67.49,13.84,14.48,17.61
2019-11-12 10:45:00,44.19,26.27,67.33,13.71,14.44,17.49
2019-11-12 11:00:00,44.38,26.2,67.65,13.84,14.5,17.57
2019-11-12 11:15:00,44.43,26.1,67.55,,,
2019-11-12 13:00:00,44.57,26.49,67.91,13.91,14.61,17.6
2019-11-12 13:15:00,44.66,26.87,68.24,13.96,14.62,17.63
2019-11-12 13:30:00,45.3,27.07,69.1,14.06,14.7,17.72
2019-11-12 13:45:00,45.14,27.0,68.76,13.98,14.61,17.54
2019-11-12 14:00:00,45.25,27.46,69.1,14.04,14.65,17.63
2019-11-12 14:15:00,45.16,27.18,69.18,14.04,14.62,17.59
2019-11-12 14:30:00,45.22,27.23,69.07,14.03,14.6,17.6
2019-11-13 09:30:00,44.85,27.53,71.87,13.97,14.6,17.48
2019-11-13 09:45:00,45.45,27.8,73.99,14.08,14.75,17.88
2019-11-13 10:00:00,45.56,27.63,74.58,14.08,14.75,18.12
2019-11-13 10:15:00,45.31,27.59,74.2,13.98,14.65,18.08
2019-11-13 10:30:00,45.34,27.75,74.76,13.95,14.66,18.03
2019-11-13 10:45:00,45.85,27.92,76.12,14.1,14.82,18.29
2019-11-13 11:00:00,46.2,28.3,76.12,14.16,14.87,18.43
2019-11-13 11:15:00,46.18,28.62,,,,
2019-11-13 13:00:00,46.0,28.35,76.12,14.28,14.85,18.38
2019-11-13 13:15:00,45.93,28.3,76.12,14.27,14.87,18.42
2019-11-13 13:30:00,45.84,28.47,76.12,14.24,14.86,18.61
2019-11-13 13:45:00,45.79,28.33,76.12,14.23,14.89,18.68
2019-11-13 14:00:00,45.71,28.51,76.12,14.19,14.82,18.7
2019-11-13 14:15:00,45.67,28.43,76.12,14.17,14.79,18.65
2019-11-13 14:30:00,45.99,28.75,76.12,14.2,14.89,18.77
2019-11-14 09:30:00,45.85,28.82,78.6,14.42,14.99,18.92
2019-11-14 09:45:00,45.77,29.11,78.16,14.39,14.94,19.09
2019-11-14 10:00:00,45.56,29.11,77.58,14.34,14.85,19.17
2019-11-14 10:15:00,45.76,29.0,78.6,14.34,14.92,19.29
2019-11-14 10:30:00,45.85,29.14,78.99,14.4,14.94,19.53
2019-11-14 10:45:00,45.69,29.44,78.88,14.35,14.9,19.5
2019-11-14 11:00:00,46.06,29.81,79.05,14.43,15.12,19.93
2019-11-14 11:15:00,46.13,,79.01,,,
2019-11-14 13:00:00,46.14,30.06,78.98,14.44,15.2,20.09
2019-11-14 13:15:00,46.29,29.82,79.45,14.49,15.31,20.28
2019-11-14 13:30:00,46.6,29.8,79.0,14.56,15.39,20.45
2019-11-14 13:45:00,46.31,29.99,78.6,14.51,15.31,20.1
2019-11-14 14:00:00,46.39,29.84,78.55,14.55,15.32,20.12
2019-11-14 14:15:00,46.58,29.88,79.2,14.57,15.35,20.1
2019-11-14 14:30:00,46.33,29.79,78.7,14.5,15.31,19.94
2019-11-15 09:30:00,45.84,29.59,78.91,14.47,15.11,20.11
2019-11-15 09:45:00,45.63,29.63,78.8,14.35,15.12,20.43
2019-11-15 10:00:00,45.84,29.52,79.42,14.48,15.25,20.64
2019-11-15 10:15:00,45.89,29.7,78.96,14.42,15.2,20.34
2019-11-15 10:30:00,46.16,29.76,79.13,14.45,15.25,20.57
2019-11-15 10:45:00,46.62,29.85,80.18,14.57,15.33,20.75
2019-11-15 11:00:00,46.4,29.68,78.98,14.49,15.26,20.44
2019-11-15 11:15:00,46.16,,78.98,,,
2019-11-15 13:00:00,46.27,29.77,79.31,14.44,15.22,20.58
2019-11-15 13:15:00,46.45,29.77,79.3,14.48,15.26,20.5
2019-11-15 13:30:00,46.7,29.74,79.17,14.52,15.5,20.44
2019-11-15 13:45:00,46.46,29.65,78.83,14.5,15.34,20.31
2019-11-15 14:00:00,46.4,29.57,78.78,14.46,15.35,20.25
2019-11-15 14:15:00,46.13,29.55,78.21,14.41,15.25,20.13
2019-11-15 14:30:00,45.97,29.53,77.59,14.39,15.23,19.78
2019-11-18 09:30:00,45.78,29.36,77.01,14.36,15.14,20.15
2019-11-18 09:45:00,46.07,29.46,77.12,14.39,15.21,20.34
2019-11-18 10:00:00,45.76,29.1,76.56,14.26,15.09,20.23
2019-11-18 10:15:00,45.7,29.04,76.0,14.23,15.02,20.04
2019-11-18 10:30:00,45.84,29.17,76.46,14.3,15.1,20.17
2019-11-18 10:45:00,45.89,29.45,76.51,14.35,15.11,20.19
2019-11-18 11:00:00,45.74,29.3,76.0,14.28,15.07,20.08
2019-11-18 11:15:00,45.96,,76.52,,,
2019-11-18 13:00:00,45.7,29.31,76.32,14.32,15.13,20.08
2019-11-18 13:15:00,45.75,29.37,76.75,14.39,15.14,19.98
2019-11-18 13:30:00,45.68,29.32,76.57,14.39,15.18,19.91
2019-11-18 13:45:00,45.68,29.4,76.51,14.36,15.2,19.9
2019-11-18 14:00:00,45.78,29.34,76.48,14.37,15.19,20.08
2019-11-18 14:15:00,45.45,29.17,76.28,14.33,15.09,20.01
2019-11-18 14:30:00,45.59,29.38,76.4,14.32,15.1,20.13
2019-11-19 09:30:00,45.58,29.38,76.66,14.3,15.26,20.25
2019-11-19 09:45:00,45.58,29.77,76.5,14.37,15.4,20.04
2019-11-19 10:00:00,45.6,29.89,75.92,14.41,15.33,20.16
2019-11-19 10:15:00,45.57,29.9,75.96,14.42,15.4,20.09
2019-11-19 10:30:00,45.89,29.79,76.06,14.46,15.45,20.23
2019-11-19 10:45:00,45.92,29.77,76.68,14.48,15.38,20.27
2019-11-19 11:00:00,45.89,29.85,76.18,14.46,15.33,20.15
2019-11-19 11:15:00,45.88,,,,,
2019-11-19 13:00:00,45.88,29.72,75.93,14.5,15.32,20.1
2019-11-19 13:15:00,46.14,29.65,75.91,14.52,15.38,20.16
2019-11-19 13:30:00,46.01,29.53,76.1,14.5,15.31,20.2
2019-11-19 13:45:00,46.01,29.58,76.9,14.53,15.36,20.41
2019-11-19 14:00:00,46.04,29.58,76.32,14.49,15.34,20.22
2019-11-19 14:15:00,45.97,29.77,76.68,14.52,15.32,20.21
2019-11-19 14:30:00,46.05,29.84,76.63,14.56,15.55,20.32
2019-11-20 09:30:00,46.1,29.39,77.12,14.49,15.49,20.29
2019-11-20 09:45:00,46.1,29.6,77.94,14.5,15.49,20.39
2019-11-20 10:00:00,46.23,29.69,77.6,14.5,15.73,20.26
2019-11-20 10:15:00,46.12,29.64,77.31,14.47,15.71,20.15
2019-11-20 10:30:00,46.23,29.72,76.82,14.56,15.94,20.24
2019-11-20 10:45:00,46.5,29.81,76.77,14.54,15.96,20.35
2019-11-20 11:00:00,46.34,29.92,76.46,14.49,15.85,20.27
2019-11-20 11:15:00,46.45,29.96,,,,
2019-11-20 13:00:00,46.27,29.87,76.77,14.45,15.85,20.22
2019-11-20 13:15:00,46.08,29.81,76.22,14.41,15.8,20.02
2019-11-20 13:30:00,46.07,29.76,76.61,14.41,15.73,20.01
2019-11-20 13:45:00,46.07,29.79,76.51,14.41,15.81,20.07
2019-11-20 14:00:00,45.95,29.72,76.24,14.37,15.75,20.22
2019-11-20 14:15:00,45.75,29.6,76.1,14.35,15.73,20.25
2019-11-20 14:30:00,45.74,29.52,75.87,14.36,15.7,20.1
2019-11-21 09:30:00,45.55,29.53,75.75,14.27,15.56,20.05
2019-11-21 09:45:00,45.37,29.43,76.0,14.24,15.57,20.1
2019-11-21 10:00:00,45.66,29.97,75.87,14.35,15.73,20.21
2019-11-21 10:15:00,45.58,29.95,75.45,14.31,15.72,20.1
2019-11-21 10:30:00,45.71,30.03,76.0,14.36,15.82,20.2
2019-11-21 10:45:00,45.61,29.77,76.01,14.34,15.83,20.07
2019-11-21 11:00:00,45.42,29.7,75.39,14.28,15.72,19.91
2019-11-21 11:15:00,45.32,,75.49,,,
2019-11-21 13:00:00,45.27,29.69,75.76,14.23,15.68,20.07
2019-11-21 13:15:00,45.32,29.7,76.07,14.24,15.74,20.05
2019-11-21 13:30:00,45.36,29.69,75.91,14.24,15.77,20.01
2019-11-21 13:45:00,44.9,29.6,75.58,14.22,15.7,19.93
2019-11-21 14:00:00,44.86,29.58,75.54,14.21,15.67,19.94
2019-11-21 14:15:00,44.79,29.58,75.7,14.19,15.57,19.85
2019-11-21 14:30:00,44.96,29.63,75.85,14.21,15.63,19.99
2019-11-22 09:30:00,45.1,29.79,75.67,14.29,15.76,20.25
2019-11-22 09:45:00,45.37,30.17,76.66,14.38,15.92,20.58
2019-11-22 10:00:00,45.43,30.0,77.4,14.4,15.94,20.97
2019-11-22 10:15:00,45.35,29.81,77.0,14.33,15.87,21.09
2019-11-22 10:30:00,45.26,29.83,76.5,14.33,15.85,20.91
2019-11-22 10:45:00,44.85,29.68,75.3,14.24,15.6,20.34
2019-11-22 11:00:00,44.35,29.49,74.2,14.17,15.56,19.95
2019-11-22 11:15:00,44.09,29.22,72.66,,,
2019-11-22 13:00:00,43.66,29.5,72.0,14.02,15.36,19.61
2019-11-22 13:15:00,43.98,29.35,73.03,14.09,15.41,19.8
2019-11-22 13:30:00,43.96,29.34,72.99,14.08,15.38,19.69
2019-11-22 13:45:00,43.77,28.97,72.69,14.04,15.29,19.61
2019-11-22 14:00:00,43.78,29.06,72.32,14.05,15.3,19.83
2019-11-22 14:15:00,43.79,29.13,73.3,14.08,15.34,19.81
2019-11-22 14:30:00,43.89,29.17,73.13,14.15,15.34,20.3
2019-11-25 09:30:00,42.75,28.65,70.26,13.76,14.64,19.1
2019-11-25 09:45:00,43.0,29.01,71.34,13.87,14.65,19.3
2019-11-25 10:00:00,43.25,29.04,71.48,13.88,14.7,19.43
2019-11-25 10:15:00,43.35,28.8,72.4,13.9,14.78,19.5
2019-11-25 10:30:00,43.35,28.7,71.73,13.91,14.7,19.45
2019-11-25 10:45:00,43.36,28.58,71.47,13.88,14.65,19.35
2019-11-25 11:00:00,42.99,28.35,70.56,13.83,14.53,18.96
2019-11-25 11:15:00,,,,,,
2019-11-25 13:00:00,43.08,28.46,70.38,13.78,14.57,18.83
2019-11-25 13:15:00,43.22,28.53,70.7,13.77,14.6,18.79
2019-11-25 13:30:00,43.43,28.39,70.91,13.83,14.56,18.73
2019-11-25 13:45:00,43.53,28.46,71.15,13.83,14.62,18.87
2019-11-25 14:00:00,43.3,28.36,70.78,13.77,14.52,18.76
2019-11-25 14:15:00,43.36,28.24,70.76,13.79,14.49,18.56
2019-11-25 14:30:00,43.2,28.28,70.75,13.8,14.51,18.53
2019-11-26 09:30:00,44.17,28.6,71.74,13.96,14.68,19.45
2019-11-26 09:45:00,43.81,28.3,71.42,13.89,14.61,19.54
2019-11-26 10:00:00,43.67,28.22,70.81,13.85,14.56,19.51
2019-11-26 10:15:00,43.56,28.74,70.95,13.84,14.57,19.44
2019-11-26 10:30:00,43.54,28.69,70.98,13.81,14.56,19.36
2019-11-26 10:45:00,43.63,28.89,71.0,13.82,14.54,19.47
2019-11-26 11:00:00,43.69,29.02,71.25,13.78,14.58,19.47
2019-11-26 11:15:00,,28.86,71.25,,,
2019-11-26 13:00:00,43.74,28.96,71.24,13.79,14.58,19.66
2019-11-26 13:15:00,43.52,28.83,71.08,13.77,14.54,19.53
2019-11-26 13:30:00,43.54,28.92,71.02,13.77,14.51,19.59
2019-11-26 13:45:00,43.45,28.89,70.98,13.74,14.45,19.51
2019-11-26 14:00:00,43.52,28.94,71.32,13.76,14.54,19.62
2019-11-26 14:15:00,43.58,28.95,71.28,13.75,14.51,19.5
2019-11-26 14:30:00,43.56,29.19,71.13,13.75,14.56,19.52
2019-11-27 09:30:00,44.1,28.88,72.48,13.79,14.35,19.74
2019-11-27 09:45:00,44.06,28.69,73.65,13.77,14.44,19.82
2019-11-27 10:00:00,44.61,29.04,75.15,13.92,14.64,20.63
2019-11-27 10:15:00,44.72,29.09,74.78,13.93,14.7,20.91
2019-11-27 10:30:00,44.59,28.91,74.95,13.99,14.68,21.02
2019-11-27 10:45:00,45.39,29.04,76.29,14.2,14.82,21.5
2019-11-27 11:00:00,45.4,29.13,76.6,14.16,14.81,21.23
2019-11-27 11:15:00,45.17,29.13,75.93,,,
2019-11-27 13:00:00,45.16,29.14,75.85,14.13,14.73,21.11
2019-11-27 13:15:00,45.35,29.4,76.6,14.17,14.79,21.5
2019-11-27 13:30:00,45.16,29.51,75.9,14.13,14.75,21.2
2019-11-27 13:45:00,44.81,29.27,75.23,14.05,14.63,20.93
2019-11-27 14:00:00,44.83,29.25,75.28,14.04,14.6,20.94
2019-11-27 14:15:00,44.82,29.14,75.0,14.04,14.63,20.99
2019-11-27 14:30:00,44.88,29.2,75.23,14.04,14.62,21.08
2019-11-28 09:30:00,44.62,28.78,75.66,13.99,14.58,21.1
2019-11-28 09:45:00,44.93,28.76,76.85,14.05,14.59,21.07
2019-11-28 10:00:00,44.73,28.7,77.01,14.04,14.54,21.01
2019-11-28 10:15:00,44.54,28.46,77.81,14.01,14.5,21.2
2019-11-28 10:30:00,44.75,28.73,77.97,14.08,14.56,21.47
2019-11-28 10:45:00,44.77,28.8,77.65,14.07,14.52,21.24
2019-11-28 11:00:00,44.71,28.59,77.53,14.06,14.59,21.2
2019-11-28 11:15:00,44.68,,76.78,,,
2019-11-28 13:00:00,44.66,28.29,77.18,13.98,14.5,21.18
2019-11-28 13:15:00,44.6,28.37,76.56,13.97,14.49,21.11
2019-11-28 13:30:00,44.58,28.43,76.81,14.0,14.44,21.06
2019-11-28 13:45:00,44.4,28.36,76.68,13.97,14.43,21.06
2019-11-28 14:00:00,44.32,28.42,76.88,13.97,14.41,20.93
2019-11-28 14:15:00,44.48,28.49,76.99,13.96,14.44,20.96
2019-11-28 14:30:00,44.41,28.49,76.84,13.91,14.36,20.92
2019-11-29 09:30:00,44.58,28.6,77.27,14.06,14.61,21.2
2019-11-29 09:45:00,44.66,28.22,77.42,14.07,14.64,20.87
2019-11-29 10:00:00,44.75,28.37,77.13,14.09,14.65,20.77
2019-11-29 10:15:00,44.55,28.25,76.5,14.06,14.66,20.68
2019-11-29 10:30:00,44.6,28.18,77.46,14.09,14.72,20.86
2019-11-29 10:45:00,44.48,28.17,77.0,14.05,14.68,20.81
2019-11-29 11:00:00,44.48,28.38,76.38,14.07,14.63,20.69
2019-11-29 11:15:00,44.44,28.34,76.41,,,
2019-11-29 13:00:00,44.36,28.07,76.95,14.03,14.53,20.57
2019-11-29 13:15:00,44.25,27.98,76.51,13.95,14.54,20.53
2019-11-29 13:30:00,44.33,28.01,77.05,14.02,14.59,20.62
2019-11-29 13:45:00,44.52,28.01,77.15,14.02,14.6,20.64
2019-11-29 14:00:00,44.43,28.02,77.1,14.01,14.58,20.45
2019-11-29 14:15:00,44.6,28.29,77.71,14.1,14.64,20.63
2019-11-29 14:30:00,44.78,28.24,77.67,14.1,14.65,20.75
2019-12-02 09:30:00,45.18,28.0,80.15,14.43,15.26,21.13
2019-12-02 09:45:00,45.3,27.98,81.3,14.45,15.28,21.2
2019-12-02 10:00:00,45.3,28.09,80.6,14.43,15.32,21.12
2019-12-02 10:15:00,45.69,28.47,81.01,14.57,15.53,21.37
2019-12-02 10:30:00,45.56,28.38,80.68,14.54,15.58,21.42
2019-12-02 10:45:00,45.43,28.27,79.95,14.47,15.44,21.21
2019-12-02 11:00:00,45.46,28.49,80.03,14.5,15.5,21.26
2019-12-02 11:15:00,45.6,,80.12,,,
2019-12-02 13:00:00,45.5,28.42,79.03,14.47,15.4,21.16
2019-12-02 13:15:00,45.17,28.31,78.91,14.38,15.37,21.02
2019-12-02 13:30:00,45.17,28.44,78.85,14.4,15.35,21.01
2019-12-02 13:45:00,45.11,28.3,79.0,14.4,15.39,20.94
2019-12-02 14:00:00,45.1,28.38,79.5,14.4,15.39,20.99
2019-12-02 14:15:00,45.0,28.36,78.87,14.4,15.41,20.91
2019-12-02 14:30:00,45.12,28.28,79.41,14.41,15.46,20.96
2019-12-03 09:30:00,45.32,28.61,79.31,14.37,15.42,20.9
2019-12-03 09:45:00,45.0,28.14,78.79,14.39,15.41,20.89
2019-12-03 10:00:00,44.94,28.05,78.88,14.41,15.42,20.9
2019-12-03 10:15:00,45.14,28.21,78.89,14.43,15.45,21.08
2019-12-03 10:30:00,44.82,28.24,78.61,14.37,15.39,21.04
2019-12-03 10:45:00,44.65,28.06,78.6,14.27,15.37,20.74
2019-12-03 11:00:00,44.9,28.05,78.93,14.3,15.35,20.84
2019-12-03 11:15:00,45.05,28.2,79.5,,,
2019-12-03 13:00:00,45.16,28.16,79.9,14.42,15.56,21.14
2019-12-03 13:15:00,45.16,28.22,79.99,14.44,15.54,21.31
2019-12-03 13:30:00,45.12,28.23,79.89,14.42,15.48,21.42
2019-12-03 13:45:00,45.17,28.33,80.4,14.45,15.53,21.74
2019-12-03 14:00:00,45.35,28.43,80.5,14.48,15.55,21.96
2019-12-03 14:15:00,45.38,28.66,80.0,14.47,15.55,21.8
2019-12-03 14:30:00,45.55,28.75,80.45,14.49,15.65,21.84
2019-12-04 09:30:00,47.13,29.05,85.38,14.51,15.63,22.45
2019-12-04 09:45:00,47.85,28.62,84.08,14.49,15.48,22.45
2019-12-04 10:00:00,48.04,28.52,85.26,14.53,15.67,22.53
2019-12-04 10:15:00,48.02,28.59,86.2,14.56,15.67,22.54
2019-12-04 10:30:00,48.18,28.62,87.99,14.58,15.76,22.85
2019-12-04 10:45:00,47.75,28.53,85.8,14.51,15.58,22.37
2019-12-04 11:00:00,47.74,28.41,86.16,14.48,15.56,22.35
2019-12-04 11:15:00,47.83,28.3,86.56,,,
2019-12-04 13:00:00,47.52,28.29,86.23,14.44,15.64,22.4
2019-12-04 13:15:00,47.51,28.27,86.27,14.44,15.63,22.06
2019-12-04 13:30:00,47.48,28.29,85.68,14.39,15.58,22.06
2019-12-04 13:45:00,47.29,28.38,86.16,14.4,15.53,22.03
2019-12-04 14:00:00,47.12,28.19,86.28,14.37,15.49,21.87
2019-12-04 14:15:00,47.31,28.21,86.88,14.4,15.58,22.22
2019-12-04 14:30:00,47.39,28.32,86.5,14.49,15.61,22.25
2019-12-05 09:30:00,47.49,28.74,87.5,14.55,15.69,22.4
2019-12-05 09:45:00,47.4,29.05,87.65,14.58,15.71,22.54
2019-12-05 10:00:00,47.23,28.9,87.72,14.54,15.63,22.13
2019-12-05 10:15:00,47.35,28.95,88.27,14.6,15.77,22.44
2019-12-05 10:30:00,47.19,28.94,88.0,14.56,15.69,22.67
2019-12-05 10:45:00,47.3,28.79,89.4,14.56,15.78,22.6
2019-12-05 11:00:00,47.3,28.85,89.56,14.56,15.76,22.36
2019-12-05 11:15:00,,28.91,,,,
2019-12-05 13:00:00,47.91,29.03,89.93,14.6,15.83,22.74
2019-12-05 13:15:00,47.91,29.3,90.58,14.78,15.81,22.78
2019-12-05 13:30:00,48.2,29.4,91.06,14.82,15.99,23.1
2019-12-05 13:45:00,47.98,29.53,89.96,14.8,15.94,22.85
2019-12-05 14:00:00,47.91,29.62,89.0,14.8,15.92,22.74
2019-12-05 14:15:00,47.84,29.71,89.61,14.78,15.9,22.66
2019-12-05 14:30:00,47.68,29.59,88.24,14.73,15.78,22.36
2019-12-06 09:30:00,48.4,29.45,87.98,14.67,15.69,22.17
2019-12-06 09:45:00,48.84,29.61,89.0,14.75,15.66,22.27
2019-12-06 10:00:00,49.53,29.58,88.6,14.77,15.71,22.4
2019-12-06 10:15:00,49.48,29.79,89.16,14.75,15.7,22.6
2019-12-06 10:30:00,48.99,29.63,88.46,14.66,15.61,22.31
2019-12-06 10:45:00,48.77,29.6,89.3,14.65,15.55,22.18
2019-12-06 11:00:00,49.07,29.65,89.02,14.68,15.68,22.33
2019-12-06 11:15:00,49.27,,88.86,,,
2019-12-06 13:00:00,49.29,29.65,89.31,14.79,15.85,22.47
2019-12-06 13:15:00,49.5,29.6,89.42,14.81,16.01,22.51
2019-12-06 13:30:00,49.2,29.62,88.78,14.74,15.89,22.21
2019-12-06 13:45:00,49.25,29.7,89.3,14.75,15.87,22.38
2019-12-06 14:00:00,49.43,29.7,89.99,14.79,15.9,22.52
2019-12-06 14:15:00,49.69,29.71,89.73,14.84,16.24,22.5
2019-12-06 14:30:00,49.74,29.74,90.75,14.87,16.17,22.52
2019-12-09 09:30:00,50.94,29.76,90.8,15.12,16.43,24.28
2019-12-09 09:45:00,50.56,29.55,90.6,15.13,16.26,23.58
2019-12-09 10:00:00,49.55,29.5,89.6,15.05,16.12,23.35
2019-12-09 10:15:00,50.07,29.7,89.78,15.07,16.19,23.39
2019-12-09 10:30:00,49.8,29.9,89.83,15.1,16.17,23.31
2019-12-09 10:45:00,49.85,30.11,89.71,15.02,16.13,22.96
2019-12-09 11:00:00,50.05,30.08,89.92,14.98,16.09,23.23
2019-12-09 11:15:00,49.79,,,,,
2019-12-09 13:00:00,49.5,30.05,90.03,14.84,15.98,22.94
2019-12-09 13:15:00,49.58,30.1,89.3,14.87,16.05,22.92
2019-12-09 13:30:00,49.96,30.01,89.92,14.91,16.07,23.01
2019-12-09 13:45:00,49.72,29.9,89.45,14.88,15.95,22.85
2019-12-09 14:00:00,49.91,29.98,89.46,14.87,15.99,22.86
2019-12-09 14:15:00,50.03,30.01,90.0,14.97,16.07,23.06
2019-12-09 14:30:00,49.74,29.98,89.2,14.89,16.05,23.01
2019-12-10 09:30:00,49.24,30.43,89.52,14.77,16.01,22.75
2019-12-10 09:45:00,49.41,30.17,88.3,14.81,15.93,22.81
2019-12-10 10:00:00,49.56,29.99,89.12,14.87,16.01,22.81
2019-12-10 10:15:00,49.5,30.0,89.1,14.9,16.03,22.95
2019-12-10 10:30:00,49.63,30.02,89.5,14.9,16.05,23.04
2019-12-10 10:45:00,49.65,30.11,89.22,15.05,16.2,23.01
2019-12-10 11:00:00,49.71,30.23,88.95,14.95,16.13,22.95
2019-12-10 11:15:00,49.89,30.35,,,,
2019-12-10 13:00:00,50.0,30.95,89.61,15.08,16.24,23.32
2019-12-10 13:15:00,50.22,31.18,90.0,15.15,16.33,23.37
2019-12-10 13:30:00,50.06,31.46,90.13,15.24,16.39,23.67
2019-12-10 13:45:00,50.24,31.45,90.2,15.3,16.44,23.84
2019-12-10 14:00:00,50.53,32.0,90.94,15.3,16.51,23.75
2019-12-10 14:15:00,50.36,31.91,90.0,15.25,16.38,23.56
2019-12-10 14:30:00,50.54,32.0,90.37,15.28,16.48,23.6
2019-12-11 09:30:00,50.53,31.95,93.01,15.27,16.38,23.46
2019-12-11 09:45:00,50.19,31.75,90.0,15.31,16.21,23.37
2019-12-11 10:00:00,49.72,32.04,90.1,15.29,16.13,23.24
2019-12-11 10:15:00,49.89,32.06,89.88,15.32,16.2,23.31
2019-12-11 10:30:00,49.15,31.75,88.23,15.18,15.96,23.09
2019-12-11 10:45:00,48.87,31.89,88.16,15.2,15.9,23.0
2019-12-11 11:00:00,49.01,32.12,88.4,15.26,15.95,22.9
2019-12-11 11:15:00,49.26,32.2,,,,
2019-12-11 13:00:00,49.31,32.17,88.08,15.22,15.97,23.05
2019-12-11 13:15:00,49.18,32.24,88.5,15.24,15.95,22.96
2019-12-11 13:30:00,49.3,32.33,89.13,15.27,16.04,23.16
2019-12-11 13:45:00,49.31,32.3,89.4,15.22,16.0,23.38
2019-12-11 14:00:00,49.18,32.27,88.76,15.22,15.93,23.2
2019-12-11 14:15:00,49.15,32.28,89.12,15.23,16.04,23.37
2019-12-11 14:30:00,49.14,32.38,89.85,15.22,16.05,23.37
2019-12-12 09:30:00,49.52,32.43,90.29,15.34,16.08,23.65
2019-12-12 09:45:00,49.91,32.9,91.12,15.52,16.23,24.08
2019-12-12 10:00:00,49.68,33.46,90.81,15.56,16.03,23.88
2019-12-12 10:15:00,50.15,33.7,90.7,15.6,16.14,23.85
2019-12-12 10:30:00,50.18,33.7,91.52,15.66,16.27,23.93
2019-12-12 10:45:00,50.63,34.4,92.14,15.77,16.4,24.02
2019-12-12 11:00:00,50.35,34.18,92.0,15.68,16.31,23.89
2019-12-12 11:15:00,50.39,34.19,,,,
2019-12-12 13:00:00,50.45,34.13,92.46,15.89,16.48,23.93
2019-12-12 13:15:00,50.16,33.88,90.65,15.69,16.28,23.71
2019-12-12 13:30:00,49.82,33.69,90.7,15.63,16.22,23.68
2019-12-12 13:45:00,49.8,33.82,90.3,15.55,16.18,23.63
2019-12-12 14:00:00,49.83,34.0,90.5,15.57,16.14,23.47
2019-12-12 14:15:00,49.88,34.11,90.6,15.64,16.22,23.61
2019-12-12 14:30:00,49.46,33.96,90.35,15.51,16.06,23.41
2019-12-13 09:30:00,49.28,34.0,88.81,15.58,16.09,23.0
2019-12-13 09:45:00,49.36,34.05,88.5,15.54,15.89,23.03
2019-12-13 10:00:00,49.77,33.86,88.78,15.57,16.01,23.15
2019-12-13 10:15:00,49.66,33.95,89.2,15.6,16.04,23.35
2019-12-13 10:30:00,49.57,33.94,89.02,15.53,15.96,23.31
2019-12-13 10:45:00,49.74,34.07,89.31,15.52,15.99,23.13
2019-12-13 11:00:00,49.79,34.58,89.62,15.51,16.0,23.17
2019-12-13 11:15:00,49.91,34.8,89.0,,,
2019-12-13 13:00:00,49.81,34.89,89.28,15.43,15.89,23.06
2019-12-13 13:15:00,49.75,35.48,89.01,15.36,15.9,23.1
2019-12-13 13:30:00,49.9,35.26,89.49,15.34,15.9,23.07
2019-12-13 13:45:00,49.78,34.4,89.43,15.39,15.93,23.09
2019-12-13 14:00:00,50.06,34.93,89.67,15.5,15.99,23.39
2019-12-13 14:15:00,50.3,34.94,89.77,15.51,16.05,23.34
2019-12-13 14:30:00,50.36,35.13,90.31,15.56,16.06,23.47
2019-12-16 09:30:00,50.23,33.96,88.59,15.54,16.11,23.02
2019-12-16 09:45:00,50.55,34.08,90.5,15.71,16.26,23.4
2019-12-16 10:00:00,50.58,34.19,89.49,15.69,16.25,23.34
2019-12-16 10:15:00,50.95,34.7,89.5,15.75,16.38,23.62
2019-12-16 10:30:00,50.4,34.35,87.91,15.68,16.24,23.46
2019-12-16 10:45:00,50.56,34.88,88.9,15.68,16.27,23.33
2019-12-16 11:00:00,50.76,35.29,89.06,15.67,16.31,23.4
2019-12-16 11:15:00,50.82,,,,,
2019-12-16 13:00:00,51.05,35.37,90.07,15.75,16.46,23.65
2019-12-16 13:15:00,50.96,35.66,89.81,15.77,16.39,23.79
2019-12-16 13:30:00,51.15,35.59,90.02,15.79,16.44,23.71
2019-12-16 13:45:00,50.92,35.44,89.97,15.78,16.43,23.56
2019-12-16 14:00:00,51.01,35.6,90.39,15.8,16.38,23.64
2019-12-16 14:15:00,51.09,36.09,90.91,15.76,16.42,23.79
2019-12-16 14:30:00,51.32,36.11,91.1,15.8,16.47,24.04
2019-12-17 09:30:00,50.89,35.63,91.0,15.84,16.39,23.74
2019-12-17 09:45:00,51.2,35.38,90.24,15.94,16.4,23.9
2019-12-17 10:00:00,50.7,35.2,89.86,15.81,16.36,23.75
2019-12-17 10:15:00,50.7,35.36,89.32,15.78,16.4,23.77
2019-12-17 10:30:00,50.65,35.38,90.05,15.82,16.37,23.9
2019-12-17 10:45:00,50.4,35.58,89.37,15.7,16.33,23.7
2019-12-17 11:00:00,50.57,35.39,89.54,15.7,16.34,23.79
2019-12-17 11:15:00,50.68,,90.07,,,
2019-12-17 13:00:00,50.89,35.5,90.55,15.81,16.46,24.06
2019-12-17 13:15:00,51.0,35.59,90.8,15.89,16.52,24.34
2019-12-17 13:30:00,50.75,35.49,90.29,15.78,16.45,24.3
2019-12-17 13:45:00,50.68,35.52,90.55,15.83,16.48,24.28
2019-12-17 14:00:00,50.81,35.45,90.4,15.82,16.49,24.4
2019-12-17 14:15:00,51.07,35.6,90.79,15.87,16.59,24.3
2019-12-17 14:30:00,51.07,35.41,90.22,15.82,16.51,24.15
2019-12-18 09:30:00,51.29,34.86,91.81,15.96,16.83,24.41
2019-12-18 09:45:00,51.59,34.9,91.2,15.99,16.75,24.47
2019-12-18 10:00:00,51.42,34.91,90.91,15.98,16.79,24.46
2019-12-18 10:15:00,51.1,34.57,91.0,15.9,16.81,24.06
2019-12-18 10:30:00,51.25,34.6,92.6,15.89,16.76,24.05
2019-12-18 10:45:00,50.97,34.32,91.19,15.85,16.68,23.84
2019-12-18 11:00:00,51.06,34.26,91.37,15.83,16.68,23.92
2019-12-18 11:15:00,51.37,33.95,92.0,,,
2019-12-18 13:00:00,51.36,34.28,93.0,15.86,16.77,24.07
2019-12-18 13:15:00,51.29,34.5,92.65,15.84,16.72,24.01
2019-12-18 13:30:00,51.28,34.24,92.76,15.88,16.68,23.98
2019-12-18 13:45:00,50.95,34.08,91.45,15.83,16.54,23.88
2019-12-18 14:00:00,50.86,34.25,90.89,15.77,16.46,23.77
2019-12-18 14:15:00,51.13,34.16,91.2,15.83,16.53,23.87
2019-12-18 14:30:00,50.94,34.05,90.64,15.78,16.48,23.73
2019-12-19 09:30:00,50.16,33.9,88.5,15.64,16.39,22.5
2019-12-19 09:45:00,49.75,34.12,87.61,15.56,16.24,22.44
2019-12-19 10:00:00,49.9,33.8,87.36,15.59,16.3,22.51
2019-12-19 10:15:00,49.69,33.77,87.16,15.55,16.23,22.32
2019-12-19 10:30:00,49.83,34.0,86.5,15.63,16.28,22.41
2019-12-19 10:45:00,49.7,34.11,86.0,15.72,16.23,22.5
2019-12-19 11:00:00,49.71,34.13,86.17,15.66,16.24,22.64
2019-12-19 11:15:00,,,86.53,,,
2019-12-19 13:00:00,49.59,33.98,87.18,15.74,16.25,22.74
2019-12-19 13:15:00,49.76,33.99,87.6,15.87,16.32,22.77
2019-12-19 13:30:00,49.78,34.06,87.88,15.88,16.29,22.78
2019-12-19 13:45:00,49.87,34.01,87.24,15.88,16.3,22.82
2019-12-19 14:00:00,50.06,34.07,87.84,15.89,16.31,22.81
2019-12-19 14:15:00,50.28,34.18,88.1,15.9,16.38,23.06
2019-12-19 14:30:00,49.97,34.19,87.2,15.83,16.31,22.83
2019-12-20 09:30:00,50.3,33.97,87.65,15.73,16.15,22.53
2019-12-20 09:45:00,50.46,33.87,87.66,15.7,16.07,22.46
2019-12-20 10:00:00,50.18,33.85,87.04,15.6,15.99,22.2
2019-12-20 10:15:00,50.12,33.75,87.19,15.58,16.05,22.29
2019-12-20 10:30:00,50.28,34.29,87.62,15.68,16.27,22.5
2019-12-20 10:45:00,50.23,33.99,87.72,15.65,16.24,22.51
2019-12-20 11:00:00,50.12,33.97,87.77,15.62,16.22,22.46
2019-12-20 11:15:00,50.08,,,,,
2019-12-20 13:00:00,50.05,33.71,86.67,15.59,16.13,22.31
2019-12-20 13:15:00,50.07,33.59,86.84,15.55,16.16,22.27
2019-12-20 13:30:00,49.95,33.43,86.63,15.54,16.1,22.1
2019-12-20 13:45:00,49.98,33.56,87.06,15.53,16.15,22.41
2019-12-20 14:00:00,49.78,33.73,87.08,15.54,16.09,22.24
2019-12-20 14:15:00,49.97,33.71,87.27,15.58,16.11,22.28
2019-12-20 14:30:00,49.65,33.69,86.57,15.52,16.03,22.1
2019-12-23 09:30:00,48.92,32.84,83.55,15.96,15.98,21.57
2019-12-23 09:45:00,48.88,32.65,83.0,16.06,15.92,21.39
2019-12-23 10:00:00,48.93,32.67,83.12,16.21,15.95,21.45
2019-12-23 10:15:00,48.76,32.75,83.1,16.18,15.87,21.58
2019-12-23 10:30:00,48.38,32.44,82.42,15.98,15.76,21.27
2019-12-23 10:45:00,48.22,32.25,82.96,15.97,15.7,21.27
2019-12-23 11:00:00,48.41,32.6,83.25,16.0,15.77,21.38
2019-12-23 11:15:00,,,83.3,,,
2019-12-23 13:00:00,50.96,32.9,83.57,15.88,16.1,21.45
2019-12-23 13:15:00,50.77,32.78,83.35,15.79,16.01,21.47
2019-12-23 13:30:00,50.88,32.68,83.48,15.81,16.15,21.42
2019-12-23 13:45:00,50.52,32.6,83.09,15.74,16.13,21.36
2019-12-23 14:00:00,50.41,32.46,83.19,15.67,16.01,21.31
2019-12-23 14:15:00,50.54,32.45,83.0,15.67,16.04,21.34
2019-12-23 14:30:00,49.96,32.48,82.61,15.63,15.95,21.36
